"Position","Title","Upvotes","Comments","Age","Url","Image"
1,,,,,,
2,"OC
USA Cigarettes Sold v. Lung Cancer Death Rates [OC]","60.5k","2.2k Comments","1 year ago","https://www.reddit.com/r/dataisbeautiful/comments/y79iqk/usa_cigarettes_sold_v_lung_cancer_death_rates_oc/","https://preview.redd.it/towdpfz6xku91.png?width=640&crop=smart&auto=webp&s=c29ea07e849bee957802e5bacfaf9a4279ee4f3f"
3,"Are you Reddit browsing instead of working? We get it but, don't let distractions take over because it may feed into family time. With monday.com's work management platform, reduce distractions by setting priorities and delegating tasks, so you can achieve more in less time. Try it out!",13,"0 Comments",,,"https://external-preview.redd.it/RiN_5uI9Nu1irZOj095FRRfXsg0LoSCHQm5ZMQ40ZFk.jpg?width=640&crop=smart&auto=webp&s=3ab66954db35fcb8bee74683e28b6d6dca2a6560"
4,"OC
[OC] What foreign ways of doing things would Americans embrace?","57.7k","15.8k Comments","8 months ago","https://www.reddit.com/r/dataisbeautiful/comments/11193dh/oc_what_foreign_ways_of_doing_things_would/","https://preview.redd.it/bovz0u2vqyha1.png?width=640&crop=smart&auto=webp&s=31c735d6d0b52641437afcf755b55b4012664b32"
5,"OC
[OC] Size of bank failures since 2000","56.6k","2.0k Comments","7 months ago","https://www.reddit.com/r/dataisbeautiful/comments/11p3555/oc_size_of_bank_failures_since_2000/","https://preview.redd.it/e9jtao3428na1.png?width=640&crop=smart&auto=webp&s=0adb422d167c47eb0ec8c0bb84c055c95d2c4a10"
6,"OC
Bar chart of the summarized hight of all 2x2 LEGO DUPLO bricks my son owns, ordered by color. It's his first bar graph, so please be gentle. [OC]","51.9k","707 Comments","7 months ago","https://www.reddit.com/r/dataisbeautiful/comments/11vnb98/bar_chart_of_the_summarized_hight_of_all_2x2_lego/","https://external-preview.redd.it/H_91fUQEaCx8c99LcLQQQd95p84N7HLQbjrYFCVl8wI.jpg?width=640&crop=smart&auto=webp&s=0b4812e1d315a985451394be3f9f0de578f041ac"
7,"OC
USA: Who do we spend time with across our lifetimes? [OC]","51.3k","2.6k Comments","1 year ago","https://www.reddit.com/r/dataisbeautiful/comments/ycc4dz/usa_who_do_we_spend_time_with_across_our/","https://preview.redd.it/ycyk26wvfrv91.png?width=640&crop=smart&auto=webp&s=1a3d0e1009c70b61f7bf5a9bc875fa34898aa825"
8,"OC
[OC] The popularity of the name ""Mabel"" in the United States skyrocketed after Gravity Falls came out","49.9k","962 Comments","8 months ago","https://www.reddit.com/r/dataisbeautiful/comments/115shgm/oc_the_popularity_of_the_name_mabel_in_the_united/","https://preview.redd.it/deapnu40n0ja1.png?width=640&crop=smart&auto=webp&s=368f21eead095171e9f0ea87f27bc9114534a6fa"
9,"OC
[OC] Young adults are leading the mass exodus from Christianity in the US","48.4k","4.4k Comments","8 months ago","https://www.reddit.com/r/dataisbeautiful/comments/11e90od/oc_young_adults_are_leading_the_mass_exodus_from/","https://i.redd.it/v2gc0gtxyxka1.png"
10,"OC
[OC] UK housing most unaffordable since Victorian times","48.3k","2.0k Comments","10 months ago","https://www.reddit.com/r/dataisbeautiful/comments/zktc6r/oc_uk_housing_most_unaffordable_since_victorian/",
11,"OC
Japan's Population Problem, Visualized [OC]","47.4k","5.4k Comments","7 months ago","https://www.reddit.com/r/dataisbeautiful/comments/11kz20a/japans_population_problem_visualized_oc/","https://preview.redd.it/8xyo5rdghbma1.jpg?width=640&crop=smart&auto=webp&s=1857372201955436da88477041383b3aad6c7a37"
12,"The new Xumo Stream Box from Spectrum brings together Live TV, On Demand movies and shows, and the most popular apps.",7,"0 Comments",,,
13,"OC
[OC] Cost of hosting the World Cup","46.5k","4.0k Comments","1 year ago","https://www.reddit.com/r/dataisbeautiful/comments/ydvl63/oc_cost_of_hosting_the_world_cup/","https://preview.redd.it/e0rn2tk5x4w91.png?width=640&crop=smart&auto=webp&s=6a4228f5c6c19bd3a594ea3a96d1e88eb70c30cc"
14,"OC
[OC] How Common in Your Birthday!","45.7k","4.9k Comments","5 months ago","https://www.reddit.com/r/dataisbeautiful/comments/13ro2fw/oc_how_common_in_your_birthday/","https://preview.redd.it/wdwhifuz122b1.png?width=640&crop=smart&auto=webp&s=1db293da5b7d0e16bb614077f9db07517a4ec345"
15,"OC
[OC] The Slow Decline of Key Changes in Popular Music","43.8k","2.6k Comments","11 months ago","https://www.reddit.com/r/dataisbeautiful/comments/z5dty1/oc_the_slow_decline_of_key_changes_in_popular/","https://preview.redd.it/60pxiu5v1c2a1.jpg?width=640&crop=smart&auto=webp&s=3c9f1ae78cadcc4f190e4820d56eea735e241749"
16,"US College Enrollment Has Dropped by 3.1 Million Students Since 2012, But Annual Tuition Revenue is Up by $6.9 Billion","43.5k","1.7k Comments","10 months ago","https://www.reddit.com/r/dataisbeautiful/comments/zea0mh/us_college_enrollment_has_dropped_by_31_million/",
17,"OC
[OC] Costco's 2022 Income Statement visualized with a Sankey Diagram","42.8k","2.7k Comments","9 months ago","https://www.reddit.com/r/dataisbeautiful/comments/10hsaf8/oc_costcos_2022_income_statement_visualized_with/","https://preview.redd.it/4gh3r8p0oeda1.jpg?width=640&crop=smart&auto=webp&s=25b419e5b74be9f6c99bf8bbc8cd730a1aa12beb"
18,"OC
[OC] Surge in Egg Prices in the U.S.","41.5k","2.2k Comments","9 months ago","https://www.reddit.com/r/dataisbeautiful/comments/10efkbx/oc_surge_in_egg_prices_in_the_us/","https://preview.redd.it/hm0gt6swkmca1.jpg?width=640&crop=smart&auto=webp&s=b4dd13f3390b3c4c016864a3dab243e8034be8da"
19,"OC
[OC] I tracked every hour of my life for 5 years.","41.0k","1.5k Comments","9 months ago","https://www.reddit.com/r/dataisbeautiful/comments/101hvnv/oc_i_tracked_every_hour_of_my_life_for_5_years/","https://preview.redd.it/5mk48ilkxn9a1.png?width=640&crop=smart&auto=webp&s=c36821a403ba4e7ec30dad78128dba6f9818bfaa"
20,"OC
[OC] UPDATE - 2.5 years of my GF and I tracking the sleep quality impact of various choices/behaviours. These were the 9 most significant effects. Note - white dash indicates the % effect 5 months ago.","40.4k","2.2k Comments","11 months ago","https://www.reddit.com/r/dataisbeautiful/comments/z0ys9b/oc_update_25_years_of_my_gf_and_i_tracking_the/","https://preview.redd.it/m57w7jmk0b1a1.png?width=640&crop=smart&auto=webp&s=2445fd05f8b3d80eb6e27c22b8e89dd0502c73e4"
21,"You like to do your research before making an investment—and we can help streamline your process with objective ratings, independent analysis, and powerful tools. Start a free trial to explore how Morningstar Investor can help you meet your financial goals.",7,"0 Comments",,,"https://external-preview.redd.it/St4qQExewfhtBCWlD6Li9JISoE6j86Tx-JQl3iDGr_k.jpg?width=640&crop=smart&auto=webp&s=edef40d00384c41b36f679da591552c3c4129cc4"
22,"OC
[OC] Obesity rate in the United States (1985–2021) / Coronavirus update","38.8k","4.6k Comments","1 year ago","https://www.reddit.com/r/dataisbeautiful/comments/y4logi/oc_obesity_rate_in_the_united_states_19852021/",
23,"OC
[OC] Fall and rise of The New York Times","38.7k","1.4k Comments","8 months ago","https://www.reddit.com/r/dataisbeautiful/comments/10x8ofs/oc_fall_and_rise_of_the_new_york_times/","https://preview.redd.it/br7j3klhq0ha1.png?width=640&crop=smart&auto=webp&s=69fda73db02cdcf613dbc1b8cc8bac5696986e57"
24,"OC
[OC] Costco hotdog & soda combo price 1985 vs 2022","37.7k","1.2k Comments","11 months ago","https://www.reddit.com/r/dataisbeautiful/comments/yy08qy/oc_costco_hotdog_soda_combo_price_1985_vs_2022/","https://preview.redd.it/itzajwinjk0a1.png?width=640&crop=smart&auto=webp&s=09b2389895a658cd40fc6db40e84419dad1716ff"
25,"The average American now has the same chance of a long and healthy life as someone born in Blackpool, the town with England's lowest life expectancy.","36.2k","2.1k Comments","7 months ago","https://www.reddit.com/r/dataisbeautiful/comments/128dl7r/the_average_american_now_has_the_same_chance_of_a/",
26,"OC
[OC] The absolute quality of Better Call Saul.","35.4k","1.2k Comments","1 year ago","https://www.reddit.com/r/dataisbeautiful/comments/yfphz4/oc_the_absolute_quality_of_better_call_saul/","https://preview.redd.it/375db7su2kw91.png?width=640&crop=smart&auto=webp&s=b3623b5a6c6e758f5d4e7d00e21d3d3473ff508f"
27,"OC
[oc] Tracked my weight from Aug, 2021 to Feb, 2023","35.1k","1.3k Comments","8 months ago","https://www.reddit.com/r/dataisbeautiful/comments/11dhf1t/oc_tracked_my_weight_from_aug_2021_to_feb_2023/","https://preview.redd.it/6esn22bu4tka1.png?width=640&crop=smart&auto=webp&s=c7d3b7e7cc3d3bca4e7ab2fb11842849f4132f85"
28,"OC
[OC] The cost of the 2022 FIFA World Cup in Qatar is astronomical, even when comparing to the GDP of the host country in the host year.","35.0k","1.6k Comments","11 months ago","https://www.reddit.com/r/dataisbeautiful/comments/z3g4e4/oc_the_cost_of_the_2022_fifa_world_cup_in_qatar/","https://preview.redd.it/s3i5m343hv1a1.png?width=640&crop=smart&auto=webp&s=756ab7db77c37eada2ff301a560624b48307dc7e"
29,"Searches for VPN Soar in Utah Amidst PornHub Blockage","34.8k","1.5k Comments","5 months ago","https://www.reddit.com/r/dataisbeautiful/comments/135s7i2/searches_for_vpn_soar_in_utah_amidst_pornhub/",
30,"OC
[OC] Actors/actresses with the most Oscar wins","34.3k","1.7k Comments","8 months ago","https://www.reddit.com/r/dataisbeautiful/comments/111zdsg/oc_actorsactresses_with_the_most_oscar_wins/","https://preview.redd.it/uhctiff3j4ia1.png?width=640&crop=smart&auto=webp&s=733acf5011d431ce329bfa8b60c17c6e2e442c7d"
31,"Here’s one for r/productivity fans. Laptops with Intel vPro, An Intel Evo Design, have smooth multitasking capabilities to help your team hit their productivity PRs. Learn more.","Vote","0 Comments",,,
32,"OC
[OC] Finland joins NATO, more than doubling the alliance's border with Russia","34.1k","2.2k Comments","6 months ago","https://www.reddit.com/r/dataisbeautiful/comments/12chifw/oc_finland_joins_nato_more_than_doubling_the/","https://preview.redd.it/1e42jqncz1sa1.png?width=640&crop=smart&auto=webp&s=ff59e016aa6ad3feb366d5daa9e946df71d8cfae"
33,"OC
[OC] No-one wants me to stay safe anymore: the rise and fall of the pandemic email signoff","34.0k","769 Comments","8 months ago","https://www.reddit.com/r/dataisbeautiful/comments/10v4hn5/oc_noone_wants_me_to_stay_safe_anymore_the_rise/","https://preview.redd.it/he1unozt1kga1.png?width=640&crop=smart&auto=webp&s=048dd72f7922f491392d21238f713011d6d2da51"
34,"OC
India overtakes China to become the world's most populous nation [OC]","33.8k","2.2k Comments","6 months ago","https://www.reddit.com/r/dataisbeautiful/comments/12s080l/india_overtakes_china_to_become_the_worlds_most/","https://preview.redd.it/jxfktpav6vua1.jpg?width=640&crop=smart&auto=webp&s=4adb3e81e7f710e09824a0dd1c4ac8ae4e342aab"
35,"OC
[OC] One-in-five teens are almost constantly on YouTube","33.6k","2.2k Comments","9 months ago","https://www.reddit.com/r/dataisbeautiful/comments/10ozhv7/oc_oneinfive_teens_are_almost_constantly_on/","https://preview.redd.it/k8vlh3vbz5fa1.png?width=640&crop=smart&auto=webp&s=92bd3723d3aa674c58eace94adfde7ac52512701"
36,"OC
[OC] The Highs and Lows of Popular Comedy Shows","33.5k","3.5k Comments","6 months ago","https://www.reddit.com/r/dataisbeautiful/comments/12ejldf/oc_the_highs_and_lows_of_popular_comedy_shows/","https://preview.redd.it/8bdmec32fgsa1.png?width=640&crop=smart&auto=webp&s=67feb25d8520fab6f1aaee3b652ef29ebe2c7004"
37,"OC
[OC] Herschel Walker makes everything worse","32.7k","1.7k Comments","11 months ago","https://www.reddit.com/r/dataisbeautiful/comments/yky7q2/oc_herschel_walker_makes_everything_worse/","https://preview.redd.it/uvr37wkynpx91.jpg?width=640&crop=smart&auto=webp&s=f6bcb3b8597a58c2806a17c6af342da4bcb7bf20"
38,"OC
[OC] The origins of Germany's natural gas","32.4k","1.4k Comments","9 months ago","https://www.reddit.com/r/dataisbeautiful/comments/107dsgw/oc_the_origins_of_germanys_natural_gas/",
39,"OC
[OC] Much of Latin America has caught up to the 90%+ literacy rate the US has had since 1900.","32.2k","1.0k Comments","11 months ago","https://www.reddit.com/r/dataisbeautiful/comments/ym1f6q/oc_much_of_latin_america_has_caught_up_to_the_90/","https://preview.redd.it/zmizym5s8yx91.png?width=640&crop=smart&auto=webp&s=c4c2e013f11913cbdf21bd6d200a79f85cf9e343"
40,"Photographer Kohki Yamaguchi works with every kind of light to create dreamy scenes. Pick up some of his quick Lightroom tips to see how you can too.",260,"0 Comments",,,"https://preview.redd.it/xw47vcb6ihlb1.jpg?width=640&crop=smart&auto=webp&s=06d7e378fd6b69ba9f740f96bd96e8367a82af1e"
41,"OC
Everyone Thinks They Are Middle Class [OC]","31.8k","4.1k Comments","1 year ago","https://www.reddit.com/r/dataisbeautiful/comments/y5mlhu/everyone_thinks_they_are_middle_class_oc/","https://preview.redd.it/aduriviqd7u91.jpg?width=640&crop=smart&auto=webp&s=0248d7c0cbc43881a888280c739c75b69ebc1015"
42,"OC
[OC] The Top 10 Wealthiest Billionaires","31.4k","3.2k Comments","9 months ago","https://www.reddit.com/r/dataisbeautiful/comments/10daji0/oc_the_top_10_wealthiest_billionaires/",
43,"Modern day slavery - 6500 dead migrants since Qatar was named World Cup host","31.4k","893 Comments","11 months ago","https://www.reddit.com/r/dataisbeautiful/comments/yyjb10/modern_day_slavery_6500_dead_migrants_since_qatar/",
44,"OC
[OC] Highest paid actors for a single production","31.4k","1.5k Comments","8 months ago","https://www.reddit.com/r/dataisbeautiful/comments/10zen9h/oc_highest_paid_actors_for_a_single_production/","https://preview.redd.it/w65wt6qobiha1.png?width=640&crop=smart&auto=webp&s=f6341c2038b6c505188a2865b21f3acd5ad8d1f9"
45,"OC
[OC] Americans consider Politicians more Immoral than Pornstars and Spies. Shows only “Very Immoral” responses.
nsfw","31.2k","3.0k Comments","8 months ago","https://www.reddit.com/r/dataisbeautiful/comments/119y04k/oc_americans_consider_politicians_more_immoral/","https://preview.redd.it/wrm9icqvgzja1.jpg?width=640&crop=smart&auto=webp&s=86acd76eedbf53309297106114d5a09ecb94c9bf"
46,"OC
Message frequency by daytime for some of my chats [OC]","30.9k","504 Comments","11 months ago","https://www.reddit.com/r/dataisbeautiful/comments/yoqe5l/message_frequency_by_daytime_for_some_of_my_chats/","https://preview.redd.it/zat7ghedsjy91.jpg?width=640&crop=smart&auto=webp&s=98dcece5a8045b94ba957eea16dfadeb05144520"
47,"OC
[OC] US states sorted by life expectancy, colored by Biden's share of the 2020 Presidential Election","30.9k","2.8k Comments","10 months ago","https://www.reddit.com/r/dataisbeautiful/comments/zslrnq/oc_us_states_sorted_by_life_expectancy_colored_by/","https://preview.redd.it/1nxsqiha8g7a1.png?width=640&crop=smart&auto=webp&s=f9d53c461103a3f3c925affb3fa8543d4b066f57"
48,"OC
[OC] Distribution of tweets from the Mexican President by hour of the day","30.1k","1.1k Comments","9 months ago","https://www.reddit.com/r/dataisbeautiful/comments/108br46/oc_distribution_of_tweets_from_the_mexican/","https://preview.redd.it/qzl3qex4c8ba1.png?width=640&crop=smart&auto=webp&s=9649fecbdfc163d2fc45866f38723f136e7b5835"
49,"Fill up on flavor","Vote","0 Comments",,,
50,"OC
[OC] Layoffs in the tech industry over the last month for selected companies","30.1k","1.5k Comments","11 months ago","https://www.reddit.com/r/dataisbeautiful/comments/yxlplb/oc_layoffs_in_the_tech_industry_over_the_last/","https://preview.redd.it/fzd9cd9vbh0a1.png?width=640&crop=smart&auto=webp&s=167bfd3ded96d49932be10c1848072228d709714"
51,"OC
[OC] My 2-month long job search as a Software Engineer with 4 YEO","30.1k","2.2k Comments","7 months ago","https://www.reddit.com/r/dataisbeautiful/comments/11wk4ux/oc_my_2month_long_job_search_as_a_software/","https://external-preview.redd.it/9J8dug5seUEZeMAl_O_VwzrtQ464kD5OBY3qqZy7G6U.jpg?width=640&crop=smart&auto=webp&s=1275d4809e2b83619e368a9dc560a62e0e04343a"
52,"OC
[OC] The world's 10 richest women","30.0k","6.2k Comments","9 months ago","https://www.reddit.com/r/dataisbeautiful/comments/10px1x6/oc_the_worlds_10_richest_women/",
53,"OC
[OC] Updated size of bank failures since 2000","30.0k","848 Comments","7 months ago","https://www.reddit.com/r/dataisbeautiful/comments/11qhv4t/oc_updated_size_of_bank_failures_since_2000/","https://preview.redd.it/ooln252yxjna1.png?width=640&crop=smart&auto=webp&s=d4d5f0ac3971d406c486b3272158b8008772ad9c"
54,"OC
[OC] The Bedrock Geology of North America","29.6k","433 Comments","11 months ago","https://www.reddit.com/r/dataisbeautiful/comments/z4u9yr/oc_the_bedrock_geology_of_north_america/","https://preview.redd.it/d4mjzryv672a1.jpg?width=640&crop=smart&auto=webp&s=69152b439595a31f75b9d92be594d7bda1b76001"
55,"OC
History of Europe 1500-2022 in Country balls [OC]","29.3k","817 Comments","11 months ago","https://www.reddit.com/r/dataisbeautiful/comments/ymqks1/history_of_europe_15002022_in_country_balls_oc/",
56,"OC
[OC] How much reddit content likely went dark on June 12th?","29.1k","1.6k Comments","4 months ago","https://www.reddit.com/r/dataisbeautiful/comments/1497ae4/oc_how_much_reddit_content_likely_went_dark_on/","https://preview.redd.it/w8tfdet8dz5b1.png?width=640&crop=smart&auto=webp&s=0e282cd8a4ce7614fb8438953fb01bc621fb9a25"
57,"OC
[OC] The share of Latin American women going to college and beyond has grown 14x in the past 50 years. Men’s share is roughly ten years behind women’s.","28.9k","2.7k Comments","7 months ago","https://www.reddit.com/r/dataisbeautiful/comments/11tqg88/oc_the_share_of_latin_american_women_going_to/","https://preview.redd.it/2wzh4dk4saoa1.png?width=640&crop=smart&auto=webp&s=02d21ecf363ad09b50fb53be72a6500d980b40db"
58,"OC
[OC] Top googled games in Europe, December 2022","28.2k","1.3k Comments","10 months ago","https://www.reddit.com/r/dataisbeautiful/comments/zqpdgy/oc_top_googled_games_in_europe_december_2022/","https://preview.redd.it/jv7a25uz727a1.png?width=640&crop=smart&auto=webp&s=41585c7d86c04ebce059076e5411309b02e4f2cc"
59,"Feel the science of relaxation with Theragun Sense. Immediate stress relief. Because bedtime never ends.","Vote","0 Comments",,,
60,"CEO pay has skyrocketed 1,460% since 1978: CEOs were paid 399 times as much as a typical worker in 2021","28.2k","1.3k Comments","5 months ago","https://www.reddit.com/r/dataisbeautiful/comments/139mwpq/ceo_pay_has_skyrocketed_1460_since_1978_ceos_were/",
61,"OC
[OC] iPhone is only 14% of global smartphone volume share (left) and 42% of revenue share (mid), but it's 80% of profit share (right)","28.0k","2.6k Comments","11 months ago","https://www.reddit.com/r/dataisbeautiful/comments/yz99gb/oc_iphone_is_only_14_of_global_smartphone_volume/","https://preview.redd.it/v12g926w1w0a1.png?width=640&crop=smart&auto=webp&s=395eab25ea00371e4c359eb7da299530c17f3da9"
62,"OC
[OC] A simple chart about the kinds of DMs this username has gotten me over the past three weeks","27.8k","1.4k Comments","9 months ago","https://www.reddit.com/r/dataisbeautiful/comments/10javt0/oc_a_simple_chart_about_the_kinds_of_dms_this/","https://preview.redd.it/hfgq5vj59sda1.png?width=640&crop=smart&auto=webp&s=f398a1cc676f4f04c3d7045656733493da4e20b0"
63,"OC
[OC] The Cost Of Cable Vs. Top Streaming Subscriptions","27.5k","3.4k Comments","7 months ago","https://www.reddit.com/r/dataisbeautiful/comments/11u5wn6/oc_the_cost_of_cable_vs_top_streaming/","https://preview.redd.it/0hbxum5fkdoa1.png?width=640&crop=smart&auto=webp&s=08f2bc4a90c30dc8b020b4a261acd825810df49f"
64,"OC
[OC] Obesity rate (%) by country over time","27.4k","4.2k Comments","9 months ago","https://www.reddit.com/r/dataisbeautiful/comments/105t040/oc_obesity_rate_by_country_over_time/","https://preview.redd.it/cxn65gdvcnaa1.png?width=640&crop=smart&auto=webp&s=d047f7199694adbb74d7eae61054f37a30106143"
65,"2022 Pornhub Insights
nsfw","27.3k","3.1k Comments","9 months ago","https://www.reddit.com/r/dataisbeautiful/comments/1022ch5/2022_pornhub_insights/","https://preview.redd.it/mi8choqwes9a1.jpg?width=320&crop=smart&auto=webp&s=8393f723d1d15a29fd89d9140c78355390fc715c"
66,"OC
[OC] The Most Streamed Programs","27.3k","2.8k Comments","8 months ago","https://www.reddit.com/r/dataisbeautiful/comments/10u0etq/oc_the_most_streamed_programs/","https://preview.redd.it/slsnsivklaga1.png?width=640&crop=smart&auto=webp&s=c0d7050cb57dc1806910f875b271dfd46558e10b"
67,"OC
[OC] São Paulo cut its homicide rate by 90% and is now about as safe as Boston. Mexico City is currently safer than Dallas and Denver.","26.9k","2.2k Comments","10 months ago","https://www.reddit.com/r/dataisbeautiful/comments/zh2r3h/oc_s%C3%A3o_paulo_cut_its_homicide_rate_by_90_and_is/","https://preview.redd.it/b35looginw4a1.png?width=640&crop=smart&auto=webp&s=d501d52cd32d53bdf6c5c79fdf33ebbcb0525592"
68,"OC
[OC] Every Possible Wordle Solution Visualized (With Interactivity!)","26.6k","468 Comments","7 months ago","https://www.reddit.com/r/dataisbeautiful/comments/11xlwnt/oc_every_possible_wordle_solution_visualized_with/",
69,"What would the world look like without US military Interventions?",271,"430 Comments",,,"https://external-preview.redd.it/lA1sCoFfR0QMozmitB5lve4PTieMK178e-gILo5_kzM.jpg?width=640&crop=smart&auto=webp&s=919f8862bfa3062a5a536abfce13bf8e22888ada"
70,"OC
[OC] Change in prices in the US for consumer goods and services since 2008","26.2k","2.2k Comments","6 months ago","https://www.reddit.com/r/dataisbeautiful/comments/12aggo9/oc_change_in_prices_in_the_us_for_consumer_goods/",
71,"OC
[OC] I spent the past two years pouring my soul into a website that allows you to visualize virtually every U.S. company's international supply chain. E.x. What products, how much, which factories and where does GameStop import from? (Just type a company in the search box)","25.4k","946 Comments","6 months ago","https://www.reddit.com/r/dataisbeautiful/comments/12ykyu5/oc_i_spent_the_past_two_years_pouring_my_soul/",
72,"OC
The Peaks and Troughs of Long-Running TV Series [OC]","25.4k","2.7k Comments","7 months ago","https://www.reddit.com/r/dataisbeautiful/comments/11l31kd/the_peaks_and_troughs_of_longrunning_tv_series_oc/","https://preview.redd.it/du38tuccacma1.png?width=640&crop=smart&auto=webp&s=66d0b5b8493d132be1a56a092abccecfed7d2a17"
73,"OC
[OC] 31 Days of My (Female) Masturbation Data
nsfw","25.0k","1.4k Comments","2 months ago","https://www.reddit.com/r/dataisbeautiful/comments/15ed4hy/oc_31_days_of_my_female_masturbation_data/","https://preview.redd.it/m9gq61595afb1.png?width=640&crop=smart&auto=webp&s=e937e5794455e69bdc86f0f38ea66aa0896c19e2"
74,"OC
[OC] Average Home Price in Australian States in $USD. September 2022","24.9k","1.9k Comments","10 months ago","https://www.reddit.com/r/dataisbeautiful/comments/zjovny/oc_average_home_price_in_australian_states_in_usd/","https://preview.redd.it/mcirygkone5a1.png?width=640&crop=smart&auto=webp&s=3655651cfddac508dc4edd5e0b493b02558b9a93"
75,"OC
[OC] Visualization of livestock being slaughtered in the US. (2020 - Annual average) I first tried visualizing this with graphs and bars, but for me Minecraft showed the scale a lot better.","24.5k","2.4k Comments","7 months ago","https://www.reddit.com/r/dataisbeautiful/comments/124keay/oc_visualization_of_livestock_being_slaughtered/",
76,"Deadliest Animals","24.4k","2.4k Comments","2 months ago","https://www.reddit.com/r/dataisbeautiful/comments/15ga1m7/deadliest_animals/","https://i.redd.it/k8z9xtglgpfb1.jpg"
77,"OC
[OC] Happy PiDay! The ratio of randomly dropped marbles ending in each bowl approaches pi.","24.4k","476 Comments","7 months ago","https://www.reddit.com/r/dataisbeautiful/comments/11r2ylr/oc_happy_piday_the_ratio_of_randomly_dropped/",
78,"Cut ties with the cable guy, and get DIRECTV without a satellite. Stop compromising. Start watching pro football.","Vote","0 Comments",,,
79,"OC
[OC] Americans' views on 35 religious groups, organizations, and belief systems","24.3k","6.2k Comments","9 months ago","https://www.reddit.com/r/dataisbeautiful/comments/10g1pue/oc_americans_views_on_35_religious_groups/","https://preview.redd.it/fao5p8j450da1.jpg?width=640&crop=smart&auto=webp&s=3f4ce9442d67139a48e8324508c9f421b36c860f"
80,"3D Population Density Maps of Countries","24.2k","638 Comments","9 months ago","https://www.reddit.com/r/dataisbeautiful/comments/103toos/3d_population_density_maps_of_countries/","https://preview.redd.it/g2nji318o6aa1.jpg?width=640&crop=smart&auto=webp&s=1f0820ed461b030c03ea008b4c701ba184c8ec72"
81,"OC
All Bicycle Paths in the Netherlands [OC]","24.0k","801 Comments","9 months ago","https://www.reddit.com/r/dataisbeautiful/comments/1033z02/all_bicycle_paths_in_the_netherlands_oc/","https://preview.redd.it/sq4uecw8n2aa1.png?width=640&crop=smart&auto=webp&s=9da54b08e2fc10651ff865b1a875d2213b6a0c48"
82,"OC
[OC] U.S. Adult Obesity Rate (2012 vs 2022)","23.9k","5.3k Comments","7 days ago","https://www.reddit.com/r/dataisbeautiful/comments/171bkgy/oc_us_adult_obesity_rate_2012_vs_2022/","https://preview.redd.it/k8z4nixhxksb1.jpg?width=640&crop=smart&auto=webp&s=c42d75c22a8ff9e4d4df5935e8058ad4d91c6cc7"
83,"OC
A shaded relief map of Africa rendered from 3d data and satellite imagery [OC]","23.9k","374 Comments","10 months ago","https://www.reddit.com/r/dataisbeautiful/comments/ziwo7p/a_shaded_relief_map_of_africa_rendered_from_3d/","https://preview.redd.it/7sjqa9srj05a1.jpg?width=640&crop=smart&auto=webp&s=7eaf646ef41917821a84a0c4ab33713f2af0c993"
84,"OC
[OC] Whose stuff does the British Museum have?","23.8k","2.9k Comments","1 year ago","https://www.reddit.com/r/dataisbeautiful/comments/ydc3r8/oc_whose_stuff_does_the_british_museum_have/","https://preview.redd.it/rgpgh82xwzv91.png?width=640&crop=smart&auto=webp&s=7f0251f92f8398d130e7cf25a67534f01b73c4db"
85,"OC
Explanation of Taxes (US Federal), 2023 update, kind of [OC]","23.4k","2.0k Comments","8 months ago","https://www.reddit.com/r/dataisbeautiful/comments/10ra2bi/explanation_of_taxes_us_federal_2023_update_kind/","https://preview.redd.it/0wj9patoxnfa1.png?width=640&crop=smart&auto=webp&s=d11d8f9d486180b4f167470e99c819d876bcbda2"
86,"OC
[OC] Top 45 richest celebrities in media/arts","23.2k","2.8k Comments","8 months ago","https://www.reddit.com/r/dataisbeautiful/comments/11736q6/oc_top_45_richest_celebrities_in_mediaarts/","https://preview.redd.it/acs0d9ldjbja1.png?width=640&crop=smart&auto=webp&s=70c472b508568047bcada4468379dc9dfe3cd870"
87,"Are you Reddit browsing instead of working? We get it but, don't let distractions take over because it may feed into family time. With monday.com's work management platform, reduce distractions by setting priorities and delegating tasks, so you can achieve more in less time. Try it out!",13,"0 Comments",,,"https://external-preview.redd.it/RiN_5uI9Nu1irZOj095FRRfXsg0LoSCHQm5ZMQ40ZFk.jpg?width=640&crop=smart&auto=webp&s=3ab66954db35fcb8bee74683e28b6d6dca2a6560"
88,"OC
[OC] The Most Valuable Companies In The World","22.5k","2.0k Comments","10 months ago","https://www.reddit.com/r/dataisbeautiful/comments/zly6c2/oc_the_most_valuable_companies_in_the_world/","https://preview.redd.it/enjseeuunw5a1.jpg?width=640&crop=smart&auto=webp&s=713baf2592ecad1f8edd91aa0833921548bd4c7a"
89,"How America’s pickups are changing","21.9k","3.3k Comments","9 months ago","https://www.reddit.com/r/dataisbeautiful/comments/10o7vtt/how_americas_pickups_are_changing/",
90,"OC
[OC] Scarlett Johansson is the highest grossing movie star","21.9k","1.5k Comments","8 months ago","https://www.reddit.com/r/dataisbeautiful/comments/10yo3k3/oc_scarlett_johansson_is_the_highest_grossing/","https://preview.redd.it/acaqvlj86cha1.png?width=640&crop=smart&auto=webp&s=edc46c348fd2da7bbe8906886646ba025967ebf1"
91,"OC
Fatal School Shooting Events Reported Worldwide since 2000 [OC]","21.5k","2.2k Comments","7 months ago","https://www.reddit.com/r/dataisbeautiful/comments/126nwm4/fatal_school_shooting_events_reported_worldwide/","https://preview.redd.it/y8ax57pstvqa1.jpg?width=640&crop=smart&auto=webp&s=17a1587b13a1633f828bde6f891441c6eee6ef2d"
92,"OC
[OC] 15 largest entertainment streaming companies in the world - Netflix leads the pack","21.4k","2.0k Comments","11 months ago","https://www.reddit.com/r/dataisbeautiful/comments/z03d0z/oc_15_largest_entertainment_streaming_companies/","https://preview.redd.it/mrw0n9fqr31a1.png?width=640&crop=smart&auto=webp&s=2867d0b1f7e5ef544eecf52b07e7b149387d1fbd"
93,"OC
[OC] Distribution of 19 Types of Berries Native to North America + Approx. Berry Diversity/Density in NA","21.4k","848 Comments","9 months ago","https://www.reddit.com/r/dataisbeautiful/comments/106rh4r/oc_distribution_of_19_types_of_berries_native_to/",
94,"OC
[OC] Geologic map of Italy","21.3k","463 Comments","4 months ago","https://www.reddit.com/r/dataisbeautiful/comments/145z6zz/oc_geologic_map_of_italy/","https://preview.redd.it/o7v4tf0nq65b1.jpg?width=640&crop=smart&auto=webp&s=38fd093257d06458d60c672a9138f52675983388"
95,"OC
[OC] Countries that produce the most Turkey","20.7k","1.6k Comments","10 months ago","https://www.reddit.com/r/dataisbeautiful/comments/zp0qg4/oc_countries_that_produce_the_most_turkey/",
96,"What would the world look like without US military Interventions?",271,"430 Comments",,,"https://external-preview.redd.it/lA1sCoFfR0QMozmitB5lve4PTieMK178e-gILo5_kzM.jpg?width=640&crop=smart&auto=webp&s=919f8862bfa3062a5a536abfce13bf8e22888ada"
97,"OC
[OC] Importance of religion in each US state by % of people who are ""very religious"".","20.7k","1.7k Comments","7 months ago","https://www.reddit.com/r/dataisbeautiful/comments/122j7bj/oc_importance_of_religion_in_each_us_state_by_of/","https://preview.redd.it/9ocsvylo04qa1.png?width=640&crop=smart&auto=webp&s=06d49a2254d923add6364634c1aff6452d17041e"
98,"OC
[OC] The Easiest Words to Rhyme","20.6k","1.5k Comments","10 months ago","https://www.reddit.com/r/dataisbeautiful/comments/zb2xjg/oc_the_easiest_words_to_rhyme/","https://preview.redd.it/rj7pijr5tk3a1.png?width=640&crop=smart&auto=webp&s=2ff80cfddd2419956b792d92a8cee2f65a887d0d"
99,"OC
What should kids really be afraid of? [OC]","20.5k","2.2k Comments","1 year ago","https://www.reddit.com/r/dataisbeautiful/comments/yhxmqy/what_should_kids_really_be_afraid_of_oc/","https://preview.redd.it/078g441ss1x91.jpg?width=640&crop=smart&auto=webp&s=2193dbf232eaf079699aaa7cc432880c4a24df3d"
100,"OC
Since I saw graphs like that... my very long journey of looking for a new job, finally did it! [OC]","20.5k","789 Comments","7 months ago","https://www.reddit.com/r/dataisbeautiful/comments/1245jxf/since_i_saw_graphs_like_that_my_very_long_journey/","https://preview.redd.it/ijp9irbucdqa1.png?width=640&crop=smart&auto=webp&s=bdebe7333036922bb0e97f6ab0638dcde993f73f"
101,"OC
A shaded relief map of Europe rendered from 3d data and satellite imagery [OC]","20.2k","366 Comments","11 months ago","https://www.reddit.com/r/dataisbeautiful/comments/yqbfui/a_shaded_relief_map_of_europe_rendered_from_3d/","https://preview.redd.it/921khpiakvy91.jpg?width=640&crop=smart&auto=webp&s=86529aca17d43b6027989d532c8c973f268e3225"
102,"OC
[OC] How media divides us: MSNBC vs Fox News - What stories or topics are they pushing over the last week (Dec 1st to Dec 8th)? How do they compare to Reuters?","20.2k","2.1k Comments","10 months ago","https://www.reddit.com/r/dataisbeautiful/comments/zg1ezn/oc_how_media_divides_us_msnbc_vs_fox_news_what/",
103,"OC
[OC] Change in Monthly Abortions Since Roe v. Wade Overturned","19.9k","2.6k Comments","6 months ago","https://www.reddit.com/r/dataisbeautiful/comments/130ah4w/oc_change_in_monthly_abortions_since_roe_v_wade/","https://preview.redd.it/hu2q354c0dwa1.png?width=640&crop=smart&auto=webp&s=5027d081a687d49abfddace920a7becb71667d5c"
104,"OC
[OC] American attitudes toward political, activist, and extremist groups","19.8k","4.7k Comments","9 months ago","https://www.reddit.com/r/dataisbeautiful/comments/10lsndk/oc_american_attitudes_toward_political_activist/",
105,"Fill up on flavor","Vote","0 Comments",,,
106,"OC
[OC] U.S. unemployment at 3.4% reaches lowest rate in 53 years","19.8k","2.1k Comments","8 months ago","https://www.reddit.com/r/dataisbeautiful/comments/10tfmii/oc_us_unemployment_at_34_reaches_lowest_rate_in/","https://preview.redd.it/rhmj471b46ga1.jpg?width=640&crop=smart&auto=webp&s=b17bf1278c3ef074531b4225a71a1a9c5aa6968a"
107,"Population per capita","19.6k","386 Comments","7 months ago","https://www.reddit.com/r/dataisbeautiful/comments/128yhyf/population_per_capita/","https://external-preview.redd.it/qysTYCheSXHpTYA-eDlCqIRCweW7tkKjiQmYE2dbUNo.jpg?width=640&crop=smart&auto=webp&s=8fe716ba125dde8130044537b9af1defeda31c3e"
108,"OC
My orgasms for the month of January [OC]
nsfw","19.6k","1.7k Comments","8 months ago","https://www.reddit.com/r/dataisbeautiful/comments/10v89oj/my_orgasms_for_the_month_of_january_oc/","https://preview.redd.it/owgdtfaagmga1.jpg?width=640&crop=smart&auto=webp&s=d20bca2d31ec5a731ab4bc662312f719eba18db6"
109,"OC
[OC] Male & female suicide rate is roughly equal until ca. age 15, at which point the former increases disproportionately and rapidly","19.6k","3.5k Comments","8 months ago","https://www.reddit.com/r/dataisbeautiful/comments/11g41on/oc_male_female_suicide_rate_is_roughly_equal/","https://preview.redd.it/p8ond3ok3cla1.png?width=640&crop=smart&auto=webp&s=640e61b58692b3fc12a25e999d7ab848b111a033"
110,"OC
A shaded relief map of South America rendered from 3d data and satellite imagery [OC]","19.6k","407 Comments","11 months ago","https://www.reddit.com/r/dataisbeautiful/comments/z9onek/a_shaded_relief_map_of_south_america_rendered/","https://preview.redd.it/k90fdk2hma3a1.jpg?width=640&crop=smart&auto=webp&s=b55118bc1155559d7f135f9bbcd8dce0078092eb"
111,"OC
[OC] visualizing how distorted Mercator projection is by showing what it looks like if the poles where elsewhere. Any frame in the movie is as valid as what school still teach.","19.5k","829 Comments","10 months ago","https://www.reddit.com/r/dataisbeautiful/comments/zu9rfu/oc_visualizing_how_distorted_mercator_projection/",
112,"OC
[OC] Most visited countries pre-pandemic","19.4k","1.1k Comments","7 months ago","https://www.reddit.com/r/dataisbeautiful/comments/11sptkf/oc_most_visited_countries_prepandemic/","https://preview.redd.it/dp3le3tds2oa1.png?width=640&crop=smart&auto=webp&s=d06138e2af652c8a16594207cc6e9f4a6db245bc"
113,"OC
[OC] Bachelor's Degree Attainment by US state by Political Lean","19.4k","2.4k Comments","7 months ago","https://www.reddit.com/r/dataisbeautiful/comments/11mu4i4/oc_bachelors_degree_attainment_by_us_state_by/","https://preview.redd.it/0yu1gmlc8qma1.png?width=640&crop=smart&auto=webp&s=b3ad94528ea60b7bf1fa0ff3ca780905baba3fa4"
114,"OC
[OC] A population density map of India","18.9k","657 Comments","9 months ago","https://www.reddit.com/r/dataisbeautiful/comments/104b127/oc_a_population_density_map_of_india/","https://preview.redd.it/zs2knbp7laaa1.png?width=640&crop=smart&auto=webp&s=bf29892784b054cea6e1b2319d7a0e8ce96db97c"
115,"Are you Reddit browsing instead of working? We get it but, don't let distractions take over because it may feed into family time. With monday.com's work management platform, reduce distractions by setting priorities and delegating tasks, so you can achieve more in less time. Try it out!",13,"0 Comments",,,"https://external-preview.redd.it/RiN_5uI9Nu1irZOj095FRRfXsg0LoSCHQm5ZMQ40ZFk.jpg?width=640&crop=smart&auto=webp&s=3ab66954db35fcb8bee74683e28b6d6dca2a6560"
116,"OC
[OC] I updated our famous password table for 2023","18.8k","1.2k Comments","6 months ago","https://www.reddit.com/r/dataisbeautiful/comments/12qmvlw/oc_i_updated_our_famous_password_table_for_2023/","https://preview.redd.it/h9yd2ong8nua1.jpg?width=640&crop=smart&auto=webp&s=afe3d0d88748fe99e1e4e152ccaa00a3f92a7458"
117,"OC
[OC] FIFA World Cup Wins by Country","18.8k","1.2k Comments","1 year ago","https://www.reddit.com/r/dataisbeautiful/comments/ygjl0g/oc_fifa_world_cup_wins_by_country/","https://preview.redd.it/p9xvgzxhxqw91.png?width=640&crop=smart&auto=webp&s=9a2436096ef5aa4578cad7fe78c9938855eb01b0"
118,"OC
[OC] Military Budget by Country","18.8k","2.0k Comments","8 months ago","https://www.reddit.com/r/dataisbeautiful/comments/1132ffw/oc_military_budget_by_country/",
119,"OC
[OC] UK Electricity from Coal","18.8k","607 Comments","7 months ago","https://www.reddit.com/r/dataisbeautiful/comments/11rprwd/oc_uk_electricity_from_coal/","https://preview.redd.it/8fw4iuu90vna1.png?width=640&crop=smart&auto=webp&s=06672a215bd5ef51732852f0bb66a53f8e2f9d51"
120,"OC
[OC] Donald J. Trump personal donations to political parties 1989-2016","18.8k","1.2k Comments","8 months ago","https://www.reddit.com/r/dataisbeautiful/comments/10rtat8/oc_donald_j_trump_personal_donations_to_political/","https://preview.redd.it/bvlqbv30tsfa1.png?width=640&crop=smart&auto=webp&s=e95dc8c04804b8cd9d6784d0f0b0316042f3541e"
121,"OC
[OC] Animation highlighting the short-term variations within the recent history of global warming","18.8k","983 Comments","9 months ago","https://www.reddit.com/r/dataisbeautiful/comments/10l2g52/oc_animation_highlighting_the_shortterm/",
122,"OC
[OC] Changes in how couples in the US met","18.7k","1.5k Comments","2 months ago","https://www.reddit.com/r/dataisbeautiful/comments/15rkqw9/oc_changes_in_how_couples_in_the_us_met/","https://preview.redd.it/eqf26hczz7ib1.png?width=640&crop=smart&auto=webp&s=0282e75238c7353e7d5d4ffa985ac22d0cd6d7c3"
123,"OC
[OC] Microsoft set to layoff 10K people","18.7k","944 Comments","9 months ago","https://www.reddit.com/r/dataisbeautiful/comments/10fllwq/oc_microsoft_set_to_layoff_10k_people/","https://preview.redd.it/aax0nee5xvca1.png?width=640&crop=smart&auto=webp&s=48158fca5514f532855350e9dbb07da189e38eee"
124,"Ever dipped a sandwich full of velvety mayo into even more velvety mayo? Be honest.","Vote","0 Comments",,,
125,"OC
[OC] Most popular apps by category, 2021 (million downloads)","18.7k","1.3k Comments","8 months ago","https://www.reddit.com/r/dataisbeautiful/comments/10qp16c/oc_most_popular_apps_by_category_2021_million/","https://preview.redd.it/clqr4wlanjfa1.png?width=640&crop=smart&auto=webp&s=a6452596dd4e1de22ad5144bf9a0aae7987bd2d9"
126,"OC
Homicide rate by country [oc]","18.5k","2.6k Comments","11 months ago","https://www.reddit.com/r/dataisbeautiful/comments/yuhgng/homicide_rate_by_country_oc/","https://preview.redd.it/ksk8f9x0tsz91.jpg?width=640&crop=smart&auto=webp&s=18b6b0ac75f932e4731a1dbd4664d7c195e5f627"
127,"OC
I asked Chat-GPT: ""What qualities should the most powerful person in the world have?"" Then I had Chat-GPT evaluate political figures based on these characteristics [OC]","18.5k","2.9k Comments","7 months ago","https://www.reddit.com/r/dataisbeautiful/comments/11kazbu/i_asked_chatgpt_what_qualities_should_the_most/","https://preview.redd.it/ehxke68s46ma1.png?width=640&crop=smart&auto=webp&s=ef03bc6109ea5c81d8a225151c87cb0c4b8b5943"
128,"OC
[OC] Fast Food Chains With The Most Locations In The U.S.","18.3k","2.6k Comments","5 months ago","https://www.reddit.com/r/dataisbeautiful/comments/13k5fho/oc_fast_food_chains_with_the_most_locations_in/","https://preview.redd.it/o5ygt85vwe0b1.jpg?width=640&crop=smart&auto=webp&s=0c24122d2b0ead0f200431c7770d70aaf7d85467"
129,"OC
[OC] Where most aid to Ukraine comes from","18.2k","2.0k Comments","9 months ago","https://www.reddit.com/r/dataisbeautiful/comments/10j8qbw/oc_where_most_aid_to_ukraine_comes_from/","https://preview.redd.it/n2uxiwekkrda1.png?width=640&crop=smart&auto=webp&s=dbc5bd2e7ce85560afcaf405bc6e60c5d13a57b9"
130,"OC
[OC] The top 100 most ""pornified"" franchises. This time with western data included.
nsfw","18.2k","2.7k Comments","4 months ago","https://www.reddit.com/r/dataisbeautiful/comments/14jmn2h/oc_the_top_100_most_pornified_franchises_this/","https://preview.redd.it/f78ngfzd7e8b1.png?width=640&crop=smart&auto=webp&s=3b6219a4860c7fe6d53458fe8fb9fc2d84c8c847"
131,"OC
[OC] 2022 Top Trending Searches by State","18.2k","1.9k Comments","10 months ago","https://www.reddit.com/r/dataisbeautiful/comments/zhwm3p/oc_2022_top_trending_searches_by_state/",
132,"OC
[OC] Sometimes 1 > 10","18.2k","1.3k Comments","10 months ago","https://www.reddit.com/r/dataisbeautiful/comments/zrfclr/oc_sometimes_1_10/","https://preview.redd.it/cknvfdnbx77a1.png?width=640&crop=smart&auto=webp&s=01433c24ea206f8c632964b676a36f553c02307e"
133,"What would the world look like without US military Interventions?",271,"430 Comments",,,"https://external-preview.redd.it/lA1sCoFfR0QMozmitB5lve4PTieMK178e-gILo5_kzM.jpg?width=640&crop=smart&auto=webp&s=919f8862bfa3062a5a536abfce13bf8e22888ada"
134,"OC
How big the sun and moon(s) appear to an observer on each planet - to scale! [OC]","18.1k","748 Comments","6 months ago","https://www.reddit.com/r/dataisbeautiful/comments/12kvujl/how_big_the_sun_and_moons_appear_to_an_observer/","https://preview.redd.it/47dogsqo5qta1.jpg?width=640&crop=smart&auto=webp&s=fad897ace3f930d070afc4185b54ae9342e28083"
135,"In 1996 the Australia Government implemented stricter gun control and restrictions. The numbers don't lie and proves it worked.","18.0k","3.4k Comments","11 months ago","https://www.reddit.com/r/dataisbeautiful/comments/z489n8/in_1996_the_australia_government_implemented/","https://i.redd.it/2hcoyjjj322a1.jpg"
136,"OC
[OC] Portion of players not born in the country of their team. World Cup 2022","18.0k","976 Comments","10 months ago","https://www.reddit.com/r/dataisbeautiful/comments/zhpatm/oc_portion_of_players_not_born_in_the_country_of/","https://preview.redd.it/ofaoha4dt15a1.jpg?width=640&crop=smart&auto=webp&s=2b3387115dae854eade421b2404d1e5d64ce9f6d"
137,"OC
World population 2023 in a single chart calculate in millions of people. China, India, the US, and the EU combined generate half of the world’s GDP and are home to almost half of the world’s population [OC]","18.0k","1.2k Comments","10 months ago","https://www.reddit.com/r/dataisbeautiful/comments/zyzlu7/world_population_2023_in_a_single_chart_calculate/","https://preview.redd.it/wder689a619a1.png?width=640&crop=smart&auto=webp&s=addec4cb2455522710460ec26c1d38921f90aa98"
138,"OC
[OC] Most valuable brands this millennia","17.9k","1.4k Comments","11 months ago","https://www.reddit.com/r/dataisbeautiful/comments/yuvx5t/oc_most_valuable_brands_this_millennia/",
139,"OC
Distance to the nearest Bass Pro Shops [OC]","17.7k","1.1k Comments","9 months ago","https://www.reddit.com/r/dataisbeautiful/comments/102buf3/distance_to_the_nearest_bass_pro_shops_oc/","https://preview.redd.it/urj546bsqu9a1.png?width=640&crop=smart&auto=webp&s=ba0d78c3ebd649243488d07fdac272b4e6030c79"
140,"OC
[OC] In what country are men most likely to sit down to pee?","17.7k","3.0k Comments","5 months ago","https://www.reddit.com/r/dataisbeautiful/comments/13j7f1j/oc_in_what_country_are_men_most_likely_to_sit/","https://preview.redd.it/1ngzc2hci70b1.png?width=640&crop=smart&auto=webp&s=e2927e17f3a3334ade0d37cccf86d670db619c57"
141,"Private jet emissions in the last 3 years of well-known individuals, computed using open ADS-B data","17.6k","1.2k Comments","11 months ago","https://www.reddit.com/r/dataisbeautiful/comments/ys5eyz/private_jet_emissions_in_the_last_3_years_of/","https://preview.redd.it/q1p718pedaz91.png?width=640&crop=smart&auto=webp&s=eb75663a5305e47b58cc2d60072eb0c60b7b3c0e"
142,"OC
[OC] The Marvel Cinematic Universe is the largest movie franchise in history","17.4k","1.0k Comments","8 months ago","https://www.reddit.com/r/dataisbeautiful/comments/10xqmtj/oc_the_marvel_cinematic_universe_is_the_largest/","https://preview.redd.it/l0tb6xk1u4ha1.png?width=640&crop=smart&auto=webp&s=f40a9b383d4b46af45ec669977953203f212af9c"
143,"Ready to evaluate your portfolio from every angle to ensure your strategy is airtight? Morningstar Investor awaits.",28,"0 Comments",,,"https://external-preview.redd.it/tv9uLiKIr-ufcem2kt3r-Yqo1eP2Lc1dr6yI-tidwtU.jpg?width=640&crop=smart&auto=webp&s=f28cc12dd6715096b8269cae79dc823fc27784b9"
144,"OC
[OC] Highest paid athletes of 2021-22","17.3k","1.5k Comments","8 months ago","https://www.reddit.com/r/dataisbeautiful/comments/10sgv4q/oc_highest_paid_athletes_of_202122/","https://preview.redd.it/nxzn26387yfa1.png?width=640&crop=smart&auto=webp&s=af3acd42ff55ce613c3168b6490a38667be972d4"
145,"OC
[OC] AirPods Revenue Vs. Top Tech Companies","17.3k","1.9k Comments","2 months ago","https://www.reddit.com/r/dataisbeautiful/comments/15z558o/oc_airpods_revenue_vs_top_tech_companies/","https://preview.redd.it/yfd30i4rbvjb1.png?width=640&crop=smart&auto=webp&s=1a9cadbcca49e7332d610540cac5489f2d5542f9"
146,"CEO pay has skyrocketed 1,460% since 1978: CEOs were paid 399 times as much as a typical worker in 2021","17.2k","842 Comments","10 months ago","https://www.reddit.com/r/dataisbeautiful/comments/zf594b/ceo_pay_has_skyrocketed_1460_since_1978_ceos_were/",
147,"OC
[OC] Drug Overdose Deaths per 100,000 Residents in America","17.0k","1.5k Comments","6 months ago","https://www.reddit.com/r/dataisbeautiful/comments/12j3rce/oc_drug_overdose_deaths_per_100000_residents_in/","https://preview.redd.it/nktbxhjomcta1.png?width=640&crop=smart&auto=webp&s=0fe4b56d13388f1e301a68be1f124c015eab225e"
148,"OC
[OC] 40 Years of Music Formats","17.0k","930 Comments","11 months ago","https://www.reddit.com/r/dataisbeautiful/comments/z670ec/oc_40_years_of_music_formats/",
149,"OC
[OC] Biggest Tomato Producers in the World","16.9k","1.1k Comments","7 months ago","https://www.reddit.com/r/dataisbeautiful/comments/11izm08/oc_biggest_tomato_producers_in_the_world/",
150,"OC
[OC] The cost of Christmas varies widely across the world, from less than $100 to over $2000","16.7k","1.3k Comments","10 months ago","https://www.reddit.com/r/dataisbeautiful/comments/ztbovn/oc_the_cost_of_christmas_varies_widely_across_the/","https://preview.redd.it/smfc37xlfm7a1.png?width=640&crop=smart&auto=webp&s=e41f4f1c84a2e7befe364be0a160c69bb581a910"
151,"OC
2022 in Search Trends [OC]","16.7k","460 Comments","10 months ago","https://www.reddit.com/r/dataisbeautiful/comments/zqzqfw/2022_in_search_trends_oc/","https://preview.redd.it/b6cx5gwrb47a1.png?width=640&crop=smart&auto=webp&s=65555a7c22c9766d072c2e63ce2953163d8576ec"
152,"Hire like a boss with Upwork. Post a job with your morning coffee and hire before you leave for the day. Businesses use Upwork to scale up with better talent faster than traditional methods. Upwork will leave your recruiter in the dust, and save you half the cost.",6,"0 Comments",,,"https://external-preview.redd.it/y29HpwsX82Y9OAQKvskDhJyE6sRTLAyFsL5bT_e4vIg.jpg?width=640&crop=smart&auto=webp&s=32ea6cef10312d7359da8c875e097c9cd4fd4b6a"
153,"OC
[OC] The most popular solutions to riddles","16.5k","426 Comments","6 months ago","https://www.reddit.com/r/dataisbeautiful/comments/12hibe1/oc_the_most_popular_solutions_to_riddles/","https://preview.redd.it/rw5pqq8432ta1.png?width=640&crop=smart&auto=webp&s=2bd3668b1ca71a5845e5e13dab7d494b6298a9d3"
154,"OC
[OC] Tracked my student loan from beginning to end","16.4k","1.3k Comments","7 months ago","https://www.reddit.com/r/dataisbeautiful/comments/123invt/oc_tracked_my_student_loan_from_beginning_to_end/","https://preview.redd.it/h3200fjtc9qa1.png?width=640&crop=smart&auto=webp&s=6ca3837357e78efbd1fc449c69db675218cf117e"
155,"OC
[OC] Earth's population reaches 8 billion","16.2k","980 Comments","11 months ago","https://www.reddit.com/r/dataisbeautiful/comments/ywaj8s/oc_earths_population_reaches_8_billion/","https://preview.redd.it/c946g808q60a1.jpg?width=640&crop=smart&auto=webp&s=d48acc0477364678ccfd845ce4850113a3c1088f"
156,"OC
[OC] Unlike its successor (COVID), SARS only heavily impacted 5 countries.","16.1k","733 Comments","1 year ago","https://www.reddit.com/r/dataisbeautiful/comments/y8ti47/oc_unlike_its_successor_covid_sars_only_heavily/","https://preview.redd.it/o8dhez6jjxu91.png?width=640&crop=smart&auto=webp&s=0197b463958e0039aa87830a8bdd6437f2353bde"
157,"OC
[OC] Walmart's 2022 Income Statement visualized with a Sankey Diagram","16.0k","2.0k Comments","9 months ago","https://www.reddit.com/r/dataisbeautiful/comments/10il2gw/oc_walmarts_2022_income_statement_visualized_with/","https://preview.redd.it/ltlh1gxzvlda1.jpg?width=640&crop=smart&auto=webp&s=d099132eb35c068824fdc02c148948f436a50367"
158,"OC
[OC] The median sale price for a single family residence in the US, by state","16.0k","1.6k Comments","11 months ago","https://www.reddit.com/r/dataisbeautiful/comments/z7prq0/oc_the_median_sale_price_for_a_single_family/","https://preview.redd.it/3edfratx5v2a1.png?width=640&crop=smart&auto=webp&s=ca7c42c63983b72431c970a5fc2262b052e38488"
159,"OC
[OC] AI vs human chess Elo ratings over time","16.0k","895 Comments","8 months ago","https://www.reddit.com/r/dataisbeautiful/comments/113mll8/oc_ai_vs_human_chess_elo_ratings_over_time/","https://preview.redd.it/mxub9uu5riia1.png?width=640&crop=smart&auto=webp&s=36869f84e51aff0b3e3b1305a180b404b86f4f01"
160,"OC
[OC] The global stockpile of nuclear weapons","16.0k","1.5k Comments","1 year ago","https://www.reddit.com/r/dataisbeautiful/comments/y3o00f/oc_the_global_stockpile_of_nuclear_weapons/",
161,"What would the world look like without US military Interventions?",271,"430 Comments",,,"https://external-preview.redd.it/lA1sCoFfR0QMozmitB5lve4PTieMK178e-gILo5_kzM.jpg?width=640&crop=smart&auto=webp&s=919f8862bfa3062a5a536abfce13bf8e22888ada"
162,"OC
Spotify User Breakdown + Gross Profit Since 2017 [OC]","15.9k","1.4k Comments","4 months ago","https://www.reddit.com/r/dataisbeautiful/comments/14g39yk/spotify_user_breakdown_gross_profit_since_2017_oc/","https://preview.redd.it/rl4shnxlkk7b1.png?width=640&crop=smart&auto=webp&s=a863a10d188f56c491b6bf1354a6007a61c31ff8"
163,"OC
[OC] My stripper earnings per shift over four years","15.9k","1.1k Comments","9 months ago","https://www.reddit.com/r/dataisbeautiful/comments/10jo0b2/oc_my_stripper_earnings_per_shift_over_four_years/",
164,"OC
[OC] Apple grew its headcount way slower. They haven´t had mass layoffs.","15.9k","852 Comments","9 months ago","https://www.reddit.com/r/dataisbeautiful/comments/10kzr5a/oc_apple_grew_its_headcount_way_slower_they/","https://preview.redd.it/csseh3v687ea1.png?width=640&crop=smart&auto=webp&s=71d2e7b9b62d2e31c74c6863043838d82b73829c"
165,"OC
[OC] How much each of 20 most popular artists earns from Spotify.","15.8k","2.4k Comments","1 year ago","https://www.reddit.com/r/dataisbeautiful/comments/y6kc7m/oc_how_much_each_of_20_most_popular_artists_earns/","https://preview.redd.it/bwhgcn205fu91.jpg?width=640&crop=smart&auto=webp&s=f5cdae0959b64ff27610f20f7fa19ae7110d9e8f"
166,"OC
[OC] Revision of my last Country Distribution + EU aggregated into one slice","15.8k","1.0k Comments","9 months ago","https://www.reddit.com/r/dataisbeautiful/comments/106j8l0/oc_revision_of_my_last_country_distribution_eu/","https://preview.redd.it/eo6jqyfmmtaa1.png?width=640&crop=smart&auto=webp&s=37b5580633488d9d37cb446fffba32d41a181e58"
167,"OC
[OC] Boston Marathon Results from 2019.","15.7k","723 Comments","8 months ago","https://www.reddit.com/r/dataisbeautiful/comments/10wf3lf/oc_boston_marathon_results_from_2019/","https://preview.redd.it/cnfx8cadvvga1.jpg?width=640&crop=smart&auto=webp&s=8aedc7cff047de9e972d7d34d0b5e576eeabbd4b"
168,"OC
Mass Shootings in the USA during 2022 [OC]","15.6k","2.5k Comments","9 months ago","https://www.reddit.com/r/dataisbeautiful/comments/103u0yu/mass_shootings_in_the_usa_during_2022_oc/","https://preview.redd.it/5bf4hjvvs6aa1.png?width=640&crop=smart&auto=webp&s=cac6ef2d7b005723a74c1603fcdab8374f3fd227"
169,"OC
[OC] Every time I went to the grocery store for a year, I counted how many people were wearing masks. Here are the results.","15.6k","1.1k Comments","6 months ago","https://www.reddit.com/r/dataisbeautiful/comments/12b48ca/oc_every_time_i_went_to_the_grocery_store_for_a/","https://preview.redd.it/idgugzutmrra1.png?width=640&crop=smart&auto=webp&s=9b0a9a6e96bc0afa17162b98e9f6702f003ffd47"
170,"OC
Gifts my true love gave me over Christmas, the gold is nice but enough birds thank you [OC]","15.5k","438 Comments","10 months ago","https://www.reddit.com/r/dataisbeautiful/comments/zewjub/gifts_my_true_love_gave_me_over_christmas_the/","https://preview.redd.it/zyojonouzf4a1.png?width=640&crop=smart&auto=webp&s=e5357f1d2371ecfefc13c026a2638305909ee2f5"
171,"We’ll take on the finances. You take on everything else 💪. #GrowWithBrex","Vote","0 Comments",,,
172,"The Mormon church owns 2.3M+ acres of private land in the US. That’s 1 in every ~550 acres. Known holdings make it #2 top landowner. 6 visualizations at the link: state-by-state share, largest landowners ranked, et al.","15.5k","926 Comments","6 months ago","https://www.reddit.com/r/dataisbeautiful/comments/12fby31/the_mormon_church_owns_23m_acres_of_private_land/",
173,"OC
[OC] National Debt of the United States","15.5k","1.2k Comments","3 months ago","https://www.reddit.com/r/dataisbeautiful/comments/14u0np1/oc_national_debt_of_the_united_states/",
174,"OC
Sex Ratio at Birth: USA, China, Japan, Germany, & India [OC]","15.5k","1.4k Comments","1 year ago","https://www.reddit.com/r/dataisbeautiful/comments/yids7i/sex_ratio_at_birth_usa_china_japan_germany_india/","https://preview.redd.it/lfc9ablaj5x91.png?width=640&crop=smart&auto=webp&s=4402c67e6444b08bb0bf8368159208f2e6d5cf0c"
175,"OC
[OC] Life expectancy in Cuba vs the US","15.4k","1.7k Comments","11 months ago","https://www.reddit.com/r/dataisbeautiful/comments/z62n78/oc_life_expectancy_in_cuba_vs_the_us/","https://external-preview.redd.it/dJOepzb8oIRSG3-XK8vYn5bOJuZ03kyGyVCCS6TRPK0.jpg?width=640&crop=smart&auto=webp&s=9d1addfc11a62edb9e9c3a8aa04d0be9721031a1"
176,"OC
Thefts Of Kias & Hyundais In Selected Cities [OC]","15.1k","1.3k Comments","5 months ago","https://www.reddit.com/r/dataisbeautiful/comments/13orizd/thefts_of_kias_hyundais_in_selected_cities_oc/","https://preview.redd.it/6msdbbxc1e1b1.png?width=640&crop=smart&auto=webp&s=942f8e2b76253d66f81c38330c4d11107f48890e"
177,"OC
I caught a stomach bug and recorded the time and contents of my vomits. [OC]","15.1k","894 Comments","5 months ago","https://www.reddit.com/r/dataisbeautiful/comments/13hzs71/i_caught_a_stomach_bug_and_recorded_the_time_and/","https://preview.redd.it/65qxwacmuxza1.png?width=640&crop=smart&auto=webp&s=bbb1702ada0eb2b518022125f90283a1075f1f30"
178,"OC
[OC] Hong Kong has the highest proportion of female prisoners","15.0k","643 Comments","11 months ago","https://www.reddit.com/r/dataisbeautiful/comments/yphout/oc_hong_kong_has_the_highest_proportion_of_female/","https://preview.redd.it/5ga9k6n4cpy91.png?width=640&crop=smart&auto=webp&s=6e2e86bfa10988b0b22fbdffa0dc8ed99811aaa8"
179,"OC
My orgasms for the month of February & follow up data from my last post [OC]
nsfw","15.0k","1.3k Comments","7 months ago","https://www.reddit.com/r/dataisbeautiful/comments/11k3et6/my_orgasms_for_the_month_of_february_follow_up/",
180,"OC
[OC] How Harvard admissions rates Asian American candidates relative to White American candidates","15.0k","3.0k Comments","1 year ago","https://www.reddit.com/r/dataisbeautiful/comments/yjbefg/oc_how_harvard_admissions_rates_asian_american/","https://preview.redd.it/nbe5raxpwcx91.png?width=640&crop=smart&auto=webp&s=4c1ba07af45afb447aa8715bfc54999b60057bb8"
181,"Are you Reddit browsing instead of working? We get it but, don't let distractions take over because it may feed into family time. With monday.com's work management platform, reduce distractions by setting priorities and delegating tasks, so you can achieve more in less time. Try it out!",13,"0 Comments",,,"https://external-preview.redd.it/RiN_5uI9Nu1irZOj095FRRfXsg0LoSCHQm5ZMQ40ZFk.jpg?width=640&crop=smart&auto=webp&s=3ab66954db35fcb8bee74683e28b6d6dca2a6560"
182,"OC
[OC] The Most Watched Netflix Shows of All-Time","15.0k","1.5k Comments","4 months ago","https://www.reddit.com/r/dataisbeautiful/comments/14kiqmh/oc_the_most_watched_netflix_shows_of_alltime/","https://preview.redd.it/4s92t6pjal8b1.jpg?width=640&crop=smart&auto=webp&s=ce62f9c79729623ff226c17548cbda6d2dde895b"
183,"OC
[OC] The Topography of Africa","14.9k","347 Comments","4 months ago","https://www.reddit.com/r/dataisbeautiful/comments/14ivq1l/oc_the_topography_of_africa/","https://preview.redd.it/r4zjb10rz78b1.jpg?width=640&crop=smart&auto=webp&s=4427436c307ed8eed3a169e20ea15e3930a48785"
184,"OC
[OC] America's most and least educated states, ranked","14.9k","2.8k Comments","7 months ago","https://www.reddit.com/r/dataisbeautiful/comments/11mkyiz/oc_americas_most_and_least_educated_states_ranked/","https://preview.redd.it/09dmfozyqnma1.png?width=640&crop=smart&auto=webp&s=6718fd6c65e62b8adfbb6acf95af11b086ab5ab9"
185,"OC
[OC] Costco hot dog combo price - Actual vs Inflation Adjusted","14.9k","900 Comments","1 month ago","https://www.reddit.com/r/dataisbeautiful/comments/168v2o5/oc_costco_hot_dog_combo_price_actual_vs_inflation/","https://preview.redd.it/39yrodzm41mb1.png?width=640&crop=smart&auto=webp&s=870471db1ec132210561ff5bb347f0dd17289911"
186,"OC
[OC] Are the rich getting richer?","14.8k","1.4k Comments","3 months ago","https://www.reddit.com/r/dataisbeautiful/comments/14zgfv3/oc_are_the_rich_getting_richer/",
187,"OC
[OC] The US leads the way by a mile in government space budgets, with the Artemis mission sending humans back to the moon for the first time in 50 years","14.6k","857 Comments","10 months ago","https://www.reddit.com/r/dataisbeautiful/comments/znb677/oc_the_us_leads_the_way_by_a_mile_in_government/","https://preview.redd.it/brpaz730h86a1.png?width=640&crop=smart&auto=webp&s=d6bfcb64b3b42cb2a706425b4980eda03d9dfb87"
188,"OC
[OC] Which countries have Americans heard of, and which do they like?","14.6k","1.7k Comments","11 months ago","https://www.reddit.com/r/dataisbeautiful/comments/yqw7dh/oc_which_countries_have_americans_heard_of_and/","https://preview.redd.it/qn3gsib0uzy91.png?width=640&crop=smart&auto=webp&s=8a45453e4187069140a04e30677ac92dae1e1ced"
189,"OC
[OC] Cannabis sales across the US yesterday","14.4k","927 Comments","6 months ago","https://www.reddit.com/r/dataisbeautiful/comments/12udund/oc_cannabis_sales_across_the_us_yesterday/",
190,"How to reduce pore size? Kate Somerville's ExfoliKate™ Intensive Exfoliating Treatment improves appearance of pores in JUST 2 MINUTES! ​","Vote","0 Comments",,,"https://external-preview.redd.it/L5kb2_z91lRnpjIjMvpd8gou3R0GzcIiuZ4ZjKMMOvk.jpg?width=640&crop=smart&auto=webp&s=198ebd77aba204dc68d675945c8d2462c570c8f4"
191,"Entertainer Nick Cannon has had 9 children in the past 2 years alone. Here are the pregnancies of his 12 children (so far), visualized. At one point, 5 women were pregnant with Nick Cannon’s baby at the same time.","14.4k","2.0k Comments","11 months ago","https://www.reddit.com/r/dataisbeautiful/comments/yviwnd/entertainer_nick_cannon_has_had_9_children_in_the/","https://preview.redd.it/2t4yb328p00a1.jpg?width=640&crop=smart&auto=webp&s=c895df5763939862f7c6fc592e06e7af0beb21f8"
192,"OC
[OC] Irreligion in Canada","14.4k","1.2k Comments","11 months ago","https://www.reddit.com/r/dataisbeautiful/comments/z1xkfc/oc_irreligion_in_canada/","https://preview.redd.it/2394pdtq1j1a1.png?width=640&crop=smart&auto=webp&s=49271827a866af58103cdbff4a774731474b51bc"
193,"OC
[OC] Words That Are Used Less Often In 2022","14.3k","474 Comments","11 months ago","https://www.reddit.com/r/dataisbeautiful/comments/z87p70/oc_words_that_are_used_less_often_in_2022/","https://preview.redd.it/4yn7sa0nqy2a1.png?width=640&crop=smart&auto=webp&s=d881bc93946cfd17b74dbad24155d1db550ed4fe"
194,"OC
[OC] 2022 Mid-Term Ballots already cast by Seniors 65+ outweighs Young Voters (18-29) by 8 to 1","14.3k","2.5k Comments","11 months ago","https://www.reddit.com/r/dataisbeautiful/comments/ylm2eg/oc_2022_midterm_ballots_already_cast_by_seniors/","https://preview.redd.it/1b2g7ty5fux91.png?width=640&crop=smart&auto=webp&s=83ea41e610b605cacf61fe9d7734f019f53f8694"
195,"OC
If you've held Bitcoin for five years, you're now sitting on a negative return [OC]","14.3k","1.1k Comments","10 months ago","https://www.reddit.com/r/dataisbeautiful/comments/znpurr/if_youve_held_bitcoin_for_five_years_youre_now/","https://preview.redd.it/2ypctjehxb6a1.png?width=640&crop=smart&auto=webp&s=0cb3e9d366b7d7ad34c352b1dabe1fcd9ddcd771"
196,"OC
[OC] Apple is now worth more than Alphabet, Amazon and Meta put together","14.3k","1.1k Comments","11 months ago","https://www.reddit.com/r/dataisbeautiful/comments/ymz53n/oc_apple_is_now_worth_more_than_alphabet_amazon/","https://preview.redd.it/bmu44uq1v5y91.png?width=640&crop=smart&auto=webp&s=39bb42c428127e1cf177f6361a227cdb3ed5c8e0"
197,"OC
[OC] US adults consume more news on Facebook than any other social media platform","14.2k","1.0k Comments","1 year ago","https://www.reddit.com/r/dataisbeautiful/comments/y81urx/oc_us_adults_consume_more_news_on_facebook_than/","https://preview.redd.it/6jikof00eru91.png?width=640&crop=smart&auto=webp&s=5f649b95c69cd0196709ab607321efb674600bcb"
198,"OC
[OC] Maximum Age versus Average Age of Humans, 1955 to 2023","14.2k","489 Comments","6 months ago","https://www.reddit.com/r/dataisbeautiful/comments/12fwu0g/oc_maximum_age_versus_average_age_of_humans_1955/","https://external-preview.redd.it/R5sZM7uYIB6k6eaNKzazVcaTdnJdsisjzAAUQsRaZI4.png?width=640&crop=smart&auto=webp&s=1fef3a33db674276a307115842181cc76436264d"
199,"Photographer Kohki Yamaguchi works with every kind of light to create dreamy scenes. Pick up some of his quick Lightroom tips to see how you can too.",260,"0 Comments",,,"https://preview.redd.it/xw47vcb6ihlb1.jpg?width=640&crop=smart&auto=webp&s=06d7e378fd6b69ba9f740f96bd96e8367a82af1e"
200,"OC
[OC] How well the richest Top 1% have been doing the past 200 years","14.0k","1.2k Comments","3 months ago","https://www.reddit.com/r/dataisbeautiful/comments/14o601y/oc_how_well_the_richest_top_1_have_been_doing_the/","https://preview.redd.it/if2jptdu6f9b1.jpg?width=640&crop=smart&auto=webp&s=c085f7d802b1dc6a41c4d558bc4976ac230aaa78"
201,"OC
[OC] Fertility rates all over the world are steadily declining","14.0k","2.0k Comments","9 months ago","https://www.reddit.com/r/dataisbeautiful/comments/1094gia/oc_fertility_rates_all_over_the_world_are/","https://preview.redd.it/y3bxotjozeba1.png?width=640&crop=smart&auto=webp&s=d191e5b1b816a1d2981c0673c089b9c585722f7f"
202,"Why Does the U.S. Have So Many Mass Shootings? Research Is Clear: Guns. (Published 2017)","13.9k","4.4k Comments","11 months ago","https://www.reddit.com/r/dataisbeautiful/comments/z3ogaz/why_does_the_us_have_so_many_mass_shootings/",
203,"OC
[OC] HDI vs Fertility Rate of countries over the years 1990 to 2020.","13.8k","744 Comments","11 months ago","https://www.reddit.com/r/dataisbeautiful/comments/z9edgc/oc_hdi_vs_fertility_rate_of_countries_over_the/",
204,"OC
[OC] The Most Streamed Movies In 2022","13.7k","1.4k Comments","1 month ago","https://www.reddit.com/r/dataisbeautiful/comments/16ho8h6/oc_the_most_streamed_movies_in_2022/","https://preview.redd.it/ql4ddx1f71ob1.png?width=640&crop=smart&auto=webp&s=b408a71e43842c08c738727d7f122682e2bf7cf3"
205,"OC
A shaded relief map of Contiguous USA rendered from 3d data and satellite imagery [OC]","13.7k","527 Comments","1 year ago","https://www.reddit.com/r/dataisbeautiful/comments/yezpai/a_shaded_relief_map_of_contiguous_usa_rendered/","https://preview.redd.it/w4advbxl7ew91.jpg?width=640&crop=smart&auto=webp&s=f9c3ebcab4fc9a37277bfdeeae1f5782438239b3"
206,"OC
[OC] Electoral Votes Per 5 Million Capita","13.6k","1.8k Comments","9 months ago","https://www.reddit.com/r/dataisbeautiful/comments/10ggxu2/oc_electoral_votes_per_5_million_capita/","https://preview.redd.it/nu2qvbmn53da1.jpg?width=640&crop=smart&auto=webp&s=faa316ef9db84cbb3ecb018631b90a9f1b161b79"
207,"OC
[OC] Where do Democrats and Republicans stand on free speech and the internet?","13.6k","3.9k Comments","1 year ago","https://www.reddit.com/r/dataisbeautiful/comments/yeu2r4/oc_where_do_democrats_and_republicans_stand_on/","https://preview.redd.it/twem6rpp3dw91.jpg?width=640&crop=smart&auto=webp&s=fbf0cbb485865e8eaf7b6e4c23aafcde9560e26b"
208,"OC
Sex Ratio of China's One-Child Policy Generation [OC]","13.5k","1.0k Comments","7 months ago","https://www.reddit.com/r/dataisbeautiful/comments/11nl91c/sex_ratio_of_chinas_onechild_policy_generation_oc/","https://preview.redd.it/st0jwvb0ixma1.png?width=640&crop=smart&auto=webp&s=326d67166ad1d5dbacc7bcd2037643a3773e32ef"
209,"OC
[OC] November 2022 for five Boeing 737-800s","13.4k","354 Comments","10 months ago","https://www.reddit.com/r/dataisbeautiful/comments/zwo89h/oc_november_2022_for_five_boeing_737800s/","https://preview.redd.it/d562nfa7vh8a1.jpg?width=640&crop=smart&auto=webp&s=737b676ff3f307312357f43ae442d715f13db7c4"
210,"What would the world look like without US military Interventions?",271,"430 Comments",,,"https://external-preview.redd.it/lA1sCoFfR0QMozmitB5lve4PTieMK178e-gILo5_kzM.jpg?width=640&crop=smart&auto=webp&s=919f8862bfa3062a5a536abfce13bf8e22888ada"
211,"OC
[OC] Counting People in the Zones with YOLOv8, OpenCV, and Supervision","13.4k","599 Comments","8 months ago","https://www.reddit.com/r/dataisbeautiful/comments/117z22r/oc_counting_people_in_the_zones_with_yolov8/",
212,"OC
[OC] California’s GDP vs. Select Countries","13.3k","1.1k Comments","9 months ago","https://www.reddit.com/r/dataisbeautiful/comments/10nv2nh/oc_californias_gdp_vs_select_countries/","https://preview.redd.it/4gudyoxguvea1.png?width=640&crop=smart&auto=webp&s=9de7c72311a66bf7ed827ce15cce0bc78ca67ff7"
213,"OC
[OC] Avatar the Last Airbender - IMDB Scores 2023","13.2k","725 Comments","8 months ago","https://www.reddit.com/r/dataisbeautiful/comments/113fgi5/oc_avatar_the_last_airbender_imdb_scores_2023/","https://preview.redd.it/5363edk7ngia1.png?width=640&crop=smart&auto=webp&s=ac4cdbe64778ca1c147d117fc86ae86b73b7f599"
214,"OC
[OC] Countries with largest exports 1990 vs 2021","13.2k","1.5k Comments","4 months ago","https://www.reddit.com/r/dataisbeautiful/comments/13zanm1/oc_countries_with_largest_exports_1990_vs_2021/","https://preview.redd.it/s4maxvolls3b1.png?width=640&crop=smart&auto=webp&s=d70612b4f5b4191adcb73e39b534001f1139013b"
215,"OC
Correlation between police training and fatal police shootings [OC]","13.2k","740 Comments","11 months ago","https://www.reddit.com/r/dataisbeautiful/comments/yw5xb8/correlation_between_police_training_and_fatal/","https://preview.redd.it/09f3iac7u50a1.png?width=640&crop=smart&auto=webp&s=b053129a3ee93c7707f462447d3343cc39660708"
216,"OC
[OC] Tired of Tipping","13.2k","3.0k Comments","2 months ago","https://www.reddit.com/r/dataisbeautiful/comments/164uv3q/oc_tired_of_tipping/","https://preview.redd.it/4da7803i94lb1.png?width=640&crop=smart&auto=webp&s=b2e20c04ad7b2f924d841dabc1e71bf25d357423"
217,"OC
[OC] Every High School Baseball Field Used in the State of Hawaii","13.0k","363 Comments","11 months ago","https://www.reddit.com/r/dataisbeautiful/comments/z79pbf/oc_every_high_school_baseball_field_used_in_the/","https://preview.redd.it/e3cnwiutir2a1.png?width=640&crop=smart&auto=webp&s=2fae53b760c42b792d1567ae4367aa6cfcbf070b"
218,"OC
[OC] What are Americans Most Stressed About?","13.0k","1.7k Comments","11 months ago","https://www.reddit.com/r/dataisbeautiful/comments/yrdxsk/oc_what_are_americans_most_stressed_about/","https://preview.redd.it/p95lrk8rd4z91.png?width=640&crop=smart&auto=webp&s=9d917732fe319656f91b554c7529ad12df07ac24"
219,"Are you Reddit browsing instead of working? We get it but, don't let distractions take over because it may feed into family time. With monday.com's work management platform, reduce distractions by setting priorities and delegating tasks, so you can achieve more in less time. Try it out!",13,"0 Comments",,,"https://external-preview.redd.it/RiN_5uI9Nu1irZOj095FRRfXsg0LoSCHQm5ZMQ40ZFk.jpg?width=640&crop=smart&auto=webp&s=3ab66954db35fcb8bee74683e28b6d6dca2a6560"
220,"OC
The unemployment rate across the US and the EU in January 2023. The US average unemployment rate is 3.5%. The EU average unemployment rate is 6.1% 🇺🇸🇪🇺🗺 [OC]","12.9k","2.2k Comments","7 months ago","https://www.reddit.com/r/dataisbeautiful/comments/11ofaxc/the_unemployment_rate_across_the_us_and_the_eu_in/","https://preview.redd.it/z40q04m2r2na1.png?width=640&crop=smart&auto=webp&s=62facb1f2dbf14163d1336f11ba35fc017d55851"
221,"OC
[OC] How I spent every hour of an entire year","12.9k","815 Comments","5 months ago","https://www.reddit.com/r/dataisbeautiful/comments/13pbi6v/oc_how_i_spent_every_hour_of_an_entire_year/","https://preview.redd.it/5y5zuyylth1b1.png?width=640&crop=smart&auto=webp&s=feb60d2698d54c8e95671ece47d89514e0bcd034"
222,"OC
[OC] How Many Cryptocurrencies have Failed? More than 3,000 cryptocurrencies that were listed on CoinGecko in 2021, have failed (categorised as a dead coin).","12.9k","771 Comments","10 months ago","https://www.reddit.com/r/dataisbeautiful/comments/zqbf2g/oc_how_many_cryptocurrencies_have_failed_more/","https://preview.redd.it/1v4ab09cqy6a1.png?width=640&crop=smart&auto=webp&s=9d9fff93458040ae545f11c22c0bf5334f5e9caf"
223,"OC
[OC] White on white Crime: % of white murder victims killed by white people","12.8k","2.8k Comments","8 months ago","https://www.reddit.com/r/dataisbeautiful/comments/11g10f4/oc_white_on_white_crime_of_white_murder_victims/","https://preview.redd.it/1505cz2afbla1.png?width=640&crop=smart&auto=webp&s=483a4d2241d880c626fa59b070b104b668f6a87b"
224,"OC
[OC] Facebook makes more revenue per user than Netflix","12.8k","854 Comments","5 months ago","https://www.reddit.com/r/dataisbeautiful/comments/1353ucp/oc_facebook_makes_more_revenue_per_user_than/","https://preview.redd.it/j1tlhufutaxa1.png?width=640&crop=smart&auto=webp&s=d3c20cd52ed128b8d743b07f16afc8bfe8ee440d"
225,"The 2022 Pornhub Year in Review
nsfw","12.8k","1.4k Comments","10 months ago","https://www.reddit.com/r/dataisbeautiful/comments/zmfrwx/the_2022_pornhub_year_in_review/",
226,"OC
[OC] We're 28 years away from 2050, can we get to net zero by then? Last year we emitted ~33 billion tons of CO2","12.8k","1.3k Comments","11 months ago","https://www.reddit.com/r/dataisbeautiful/comments/z1pcwy/oc_were_28_years_away_from_2050_can_we_get_to_net/","https://preview.redd.it/tulaaun82h1a1.png?width=640&crop=smart&auto=webp&s=8da27d8b6425f12e9539a918239332a4dde7faee"
227,"What would the world look like without US military Interventions?",271,"430 Comments",,,"https://external-preview.redd.it/lA1sCoFfR0QMozmitB5lve4PTieMK178e-gILo5_kzM.jpg?width=640&crop=smart&auto=webp&s=919f8862bfa3062a5a536abfce13bf8e22888ada"
228,"OC
[OC] Length of Time to Watch Professional Sports","12.7k","1.6k Comments","10 months ago","https://www.reddit.com/r/dataisbeautiful/comments/zgggp6/oc_length_of_time_to_watch_professional_sports/","https://preview.redd.it/1h8i335hdr4a1.png?width=640&crop=smart&auto=webp&s=9d3d595ec8de1ef11a8216b56fc5ecdeeb7da42d"
229,"OC
[OC] Height distribution of 1583 olympians, by sport discipline and gender","12.6k","840 Comments","6 months ago","https://www.reddit.com/r/dataisbeautiful/comments/12wisxw/oc_height_distribution_of_1583_olympians_by_sport/","https://i.redd.it/qpeinzyx3ova1.jpg"
230,"OC
[OC] End of Nuclear power in Germany this week. Energy production from 2000 until today.","12.6k","3.3k Comments","6 months ago","https://www.reddit.com/r/dataisbeautiful/comments/12lo1ep/oc_end_of_nuclear_power_in_germany_this_week/",
231,"OC
[OC] Eight years of online dating as a 31-year-old man who started at age 23","12.5k","1.6k Comments","8 months ago","https://www.reddit.com/r/dataisbeautiful/comments/11dn4vl/oc_eight_years_of_online_dating_as_a_31yearold/","https://preview.redd.it/iz8qnhc1sska1.png?width=640&crop=smart&auto=webp&s=c6d5532bb112bb8edcdcbbffd8c8b7a67aa551fa"
232,"OC
[OC] 30 most and least prosperous countries in the world according to Legatum Prosperity Index 2023.","12.3k","1.8k Comments","8 months ago","https://www.reddit.com/r/dataisbeautiful/comments/11ey619/oc_30_most_and_least_prosperous_countries_in_the/","https://preview.redd.it/3al7nr8h53la1.png?width=640&crop=smart&auto=webp&s=46bd52889507156f906a6123160fc9f866ec7ab7"
233,"OC
[OC] There is a proposed plan to raise the the full U.S. retirement age to 70. By the age of 70, women are expected to live nearly 17 more years on average, while men are expected to live nearly 15 more.","12.3k","2.8k Comments","7 months ago","https://www.reddit.com/r/dataisbeautiful/comments/11lzhx1/oc_there_is_a_proposed_plan_to_raise_the_the_full/","https://i.redd.it/klzc80ltbjma1.png"
234,"OC
[OC] All of Queen Victoria's descendants","12.2k","491 Comments","5 months ago","https://www.reddit.com/r/dataisbeautiful/comments/13m1v14/oc_all_of_queen_victorias_descendants/","https://preview.redd.it/1eyow1mxnt0b1.png?width=640&crop=smart&auto=webp&s=283cca16adc8a30e92f683a355e5e7b2259af7e7"
235,"OC
[OC] Song titles are getting LOUDER but also quieter: the rise of ALL CAPS and all lower case pop music","12.1k","466 Comments","8 months ago","https://www.reddit.com/r/dataisbeautiful/comments/11bj3af/oc_song_titles_are_getting_louder_but_also/","https://preview.redd.it/b10nk46xnbka1.png?width=640&crop=smart&auto=webp&s=31daec2239f26d5c20a4a7c4bf7669ef1e2c85fc"
236,"Are you Reddit browsing instead of working? We get it but, don't let distractions take over because it may feed into family time. With monday.com's work management platform, reduce distractions by setting priorities and delegating tasks, so you can achieve more in less time. Try it out!",13,"0 Comments",,,"https://external-preview.redd.it/RiN_5uI9Nu1irZOj095FRRfXsg0LoSCHQm5ZMQ40ZFk.jpg?width=640&crop=smart&auto=webp&s=3ab66954db35fcb8bee74683e28b6d6dca2a6560"
237,"OC
[OC] How I spent my money for the last 12 months.","12.1k","2.1k Comments","10 months ago","https://www.reddit.com/r/dataisbeautiful/comments/zd84q3/oc_how_i_spent_my_money_for_the_last_12_months/","https://preview.redd.it/q7am6wior44a1.png?width=640&crop=smart&auto=webp&s=62acdf8fcc704a5e3c28924305de0a474537e5fd"
238,"OC
[OC] Median home price in each U.S. State 2022.","12.1k","1.4k Comments","10 months ago","https://www.reddit.com/r/dataisbeautiful/comments/zl194o/oc_median_home_price_in_each_us_state_2022/","https://preview.redd.it/tw19wk429p5a1.png?width=640&crop=smart&auto=webp&s=f6c3aff05e4abb7f161160f918863a386755f9b2"
239,"OC
A Century Of The Most Popular Baby Names In America [OC]","12.0k","904 Comments","5 months ago","https://www.reddit.com/r/dataisbeautiful/comments/13idcdb/a_century_of_the_most_popular_baby_names_in/","https://preview.redd.it/zoo9w7aiy00b1.png?width=640&crop=smart&auto=webp&s=59db767acab0f5c06bff91ad6dcacd2729b6d01d"
240,"OC
[OC] Covid-19 vaccines saved an estimated 20m lives during their first year","11.9k","1.7k Comments","11 days ago","https://www.reddit.com/r/dataisbeautiful/comments/16xugjc/oc_covid19_vaccines_saved_an_estimated_20m_lives/","https://i.redd.it/8ipha7b71srb1.png"
241,"OC
[OC] U.S. Home Ownership Rates by Age","11.8k","1.0k Comments","7 months ago","https://www.reddit.com/r/dataisbeautiful/comments/126b90d/oc_us_home_ownership_rates_by_age/","https://preview.redd.it/odsb38uhxsqa1.png?width=640&crop=smart&auto=webp&s=7264d052cd9f0030795eb4c12c6005c3b8f6efc0"
242,"OC
[OC] Top 10 most used words by subreddit in 2022 (reuploaded)","11.8k","529 Comments","10 months ago","https://www.reddit.com/r/dataisbeautiful/comments/zt0zab/oc_top_10_most_used_words_by_subreddit_in_2022/","https://preview.redd.it/yvbgvbjzej7a1.png?width=640&crop=smart&auto=webp&s=326f8023f775ba4e132695361807d1fc8be0e214"
243,"More than half of Niger's population is aged under 15.","11.7k","594 Comments","8 months ago","https://www.reddit.com/r/dataisbeautiful/comments/10tmsve/more_than_half_of_nigers_population_is_aged_under/","https://external-preview.redd.it/6gDOySPTxINyuwtUEYLZpxLgnd3D-4glgzQBGTof4X0.jpg?width=640&crop=smart&auto=webp&s=e8ba77c66306abd54a54f86feb68435c9797a0a3"
244,"OC
[OC] Ski Resorts in North America","11.7k","917 Comments","10 months ago","https://www.reddit.com/r/dataisbeautiful/comments/zc8f1d/oc_ski_resorts_in_north_america/","https://preview.redd.it/l6gnzm9yhv3a1.png?width=640&crop=smart&auto=webp&s=7866981877e914d03bb52c9bd7e448e0fbfc88dc"
245,"We’ll take on the finances. You take on everything else 💪. #GrowWithBrex","Vote","0 Comments",,,
246,"OC
[OC] Residence requirements for naturalization in Europe","11.7k","928 Comments","9 months ago","https://www.reddit.com/r/dataisbeautiful/comments/10miyjz/oc_residence_requirements_for_naturalization_in/","https://preview.redd.it/fdne0nnoqkea1.png?width=640&crop=smart&auto=webp&s=6199b639d7d6c3c8adc67a526ca6efb5c43fc476"
247,"OC
[OC] Military Defense Budget By Country","11.6k","1.1k Comments","7 months ago","https://www.reddit.com/r/dataisbeautiful/comments/1239f54/oc_military_defense_budget_by_country/","https://preview.redd.it/ojvmidan77qa1.png?width=640&crop=smart&auto=webp&s=c3c3bdb94d9c7558b9a3c0d7315bc95f09b55e18"
248,"OC
[OC] Population Density Maps: Egypt & Germany","11.5k","402 Comments","4 months ago","https://www.reddit.com/r/dataisbeautiful/comments/14ec76k/oc_population_density_maps_egypt_germany/","https://preview.redd.it/cro52l4kk67b1.png?width=640&crop=smart&auto=webp&s=26355ce0aab07f74b5cfbfcc63bee99967750a92"
249,"OC
[OC] Impact of race and parental income on a child's earning potential","11.5k","1.7k Comments","7 months ago","https://www.reddit.com/r/dataisbeautiful/comments/11t0t0s/oc_impact_of_race_and_parental_income_on_a_childs/","https://preview.redd.it/f0g5qz6k05oa1.png?width=640&crop=smart&auto=webp&s=379fc24ed7144a1faa12200631b2fddeb82a6cfe"
250,"OC
[OC] Mexico is the largest producer of avocado. Colombia is the second.","11.4k","619 Comments","8 months ago","https://www.reddit.com/r/dataisbeautiful/comments/11987zg/oc_mexico_is_the_largest_producer_of_avocado/","https://external-preview.redd.it/BoMxW7q1Pjnl4yLCD2xHk5Bkhz81ltsOXA8-MeT-Cao.jpg?width=640&crop=smart&auto=webp&s=066300ed8dc84ddfa4f84c15e404dafce5c52b11"
251,"OC
[OC] One more follow-up post! The top 100 most ""pornified"" fictional characters according to Rule34
nsfw","11.4k","2.0k Comments","4 months ago","https://www.reddit.com/r/dataisbeautiful/comments/14k2nln/oc_one_more_followup_post_the_top_100_most/","https://preview.redd.it/l0xvh180hh8b1.png?width=640&crop=smart&auto=webp&s=2779ef2086e105267a3e3cf57572471dfde6273a"
252,"OC
[OC] Gender diversity in Tech companies","11.3k","2.1k Comments","9 months ago","https://www.reddit.com/r/dataisbeautiful/comments/10dpx82/oc_gender_diversity_in_tech_companies/","https://preview.redd.it/43ikgqwbpgca1.png?width=640&crop=smart&auto=webp&s=512dac723344f199526e74f372ab1646e08d3ba2"
253,"OC
[OC] Perception of Crime in US Cities vs. Actual Murder Rates","11.3k","3.2k Comments","1 month ago","https://www.reddit.com/r/dataisbeautiful/comments/165hrb3/oc_perception_of_crime_in_us_cities_vs_actual/","https://preview.redd.it/gl5sxk42m9lb1.png?width=640&crop=smart&auto=webp&s=cae598cfb7495bb1a017a80af3a721c113cf766a"
254,"OC
[OC] r/place pixels by country population","11.2k","458 Comments","3 months ago","https://www.reddit.com/r/dataisbeautiful/comments/15am1jl/oc_rplace_pixels_by_country_population/","https://preview.redd.it/l4amy78xdeeb1.png?width=640&crop=smart&auto=webp&s=1478273c1ecbc417a4964c90274c013dad0987c7"
255,"Committed To Sustainability","Vote","0 Comments",,,
256,"OC
[OC] How much has MrBeast spent on his YouTube videos? According to his video titles.","11.2k","1.0k Comments","11 months ago","https://www.reddit.com/r/dataisbeautiful/comments/ynq4fh/oc_how_much_has_mrbeast_spent_on_his_youtube/",
257,"OC
Daily global mean temperature over 2022. [OC]","11.1k","385 Comments","9 months ago","https://www.reddit.com/r/dataisbeautiful/comments/104udnq/daily_global_mean_temperature_over_2022_oc/",
258,"OC
[OC] A Family Tree of the Tolkien Legendarium, how many names do you recognize?","11.1k","601 Comments","1 year ago","https://www.reddit.com/r/dataisbeautiful/comments/y754pk/oc_a_family_tree_of_the_tolkien_legendarium_how/","https://external-preview.redd.it/NhAyyUZ4WJn0s5dxCevIy_Q3q1HvCuoQcZOcrFZcweM.jpg?width=640&crop=smart&auto=webp&s=4cf9749bcddb41d2e7697f1a3725be203602d78e"
259,"OC
The level of inequality in r/dataisbeautiful [OC]","11.0k","233 Comments","11 months ago","https://www.reddit.com/r/dataisbeautiful/comments/yrjxe0/the_level_of_inequality_in_rdataisbeautiful_oc/","https://preview.redd.it/tc45g5dnf5z91.png?width=640&crop=smart&auto=webp&s=99a3fa1c4ebd67d463f85335a93329519933a92b"
260,"OC
[OC] Ukraine aid packages visualized","10.9k","990 Comments","9 months ago","https://www.reddit.com/r/dataisbeautiful/comments/10n0v3t/oc_ukraine_aid_packages_visualized/","https://preview.redd.it/mcgffuwwgoea1.png?width=640&crop=smart&auto=webp&s=a746b23e1046afa8f4daba9dec88f64b3fbd1b16"
261,"OC
[OC] How have the top causes of death in the US changed?","10.9k","1.2k Comments","16 days ago","https://www.reddit.com/r/dataisbeautiful/comments/16torx0/oc_how_have_the_top_causes_of_death_in_the_us/","https://preview.redd.it/ugxfcm0eotqb1.png?width=640&crop=smart&auto=webp&s=56d74fd3eca155c22c9fe8f87f442c4a2d1d5965"
262,"OC
[OC] Life Expectancy at Birth (1960-2019)","10.9k","544 Comments","10 months ago","https://www.reddit.com/r/dataisbeautiful/comments/zuxugl/oc_life_expectancy_at_birth_19602019/","https://preview.redd.it/g1kcdn2sm18a1.png?width=640&crop=smart&auto=webp&s=e1274ac2b83bb9ef48b7ab3fdaca089ed112a8d1"
263,"OC
[OC] 'Forever Chemical' PFAS in Sparkling Water","10.8k","927 Comments","9 months ago","https://www.reddit.com/r/dataisbeautiful/comments/10nirl9/oc_forever_chemical_pfas_in_sparkling_water/","https://preview.redd.it/vr7fhqyvouea1.jpg?width=640&crop=smart&auto=webp&s=8fc23a8e7c54d710bbb9675a17e6f6aadf034b8c"
264,"Our cardholders* (305M+) make billions of purchases every year. We partner across industries to process those transactions and power payments globally. Turns out, we’re the world's fastest-growing payments network. Who wouldn’t want to join?","Vote","0 Comments",,,"https://external-preview.redd.it/7_20Y_zSie836QKdO9ZG49iZWHbYcBW2sXubThPvaK4.jpg?width=640&crop=smart&auto=webp&s=f5194d1bc4c615909768815c0097cb25391b8e67"
265,"OC
[OC] The most popular car brands on Reddit (r/cars)","10.8k","1.5k Comments","1 year ago","https://www.reddit.com/r/dataisbeautiful/comments/y63tbi/oc_the_most_popular_car_brands_on_reddit_rcars/","https://preview.redd.it/iz0mfndnbbu91.png?width=640&crop=smart&auto=webp&s=65bbdcee4b94f1a618f3063f1909c927c3941ba5"
266,"OC
[OC] Posting on hook up subreddits as a woman","10.8k","1.0k Comments","18 days ago","https://www.reddit.com/r/dataisbeautiful/comments/16rw4bm/oc_posting_on_hook_up_subreddits_as_a_woman/","https://preview.redd.it/nw9xt94uafqb1.png?width=640&crop=smart&auto=webp&s=97d3d68a41b7564ff17cf788a4281009de39f966"
267,"OC
[OC] Largest Asian Ancestry Group in USA, 2021 (Re-upload)","10.8k","617 Comments","8 months ago","https://www.reddit.com/r/dataisbeautiful/comments/1107o12/oc_largest_asian_ancestry_group_in_usa_2021/","https://preview.redd.it/3v8qnuv1xoha1.png?width=640&crop=smart&auto=webp&s=7561a1db05e111dcc9d23b66bc589fa6a18a4dc4"
268,"U.S. migration trends from 2010-2020","10.8k","1.7k Comments","6 months ago","https://www.reddit.com/r/dataisbeautiful/comments/12du5ix/us_migration_trends_from_20102020/","https://external-preview.redd.it/8EnSKdoN6UKldDOfh4IrUNhVKjLTfhVso9-shGMRZ0g.png?width=640&crop=smart&auto=webp&s=c99588fd0ab2fb198b84bc9f81f2d550d377f0ad"
269,"OC
[OC] Small multiple maps showing the territory gained and lost by Russia in Ukriane over the past 12 months","10.7k","641 Comments","8 months ago","https://www.reddit.com/r/dataisbeautiful/comments/11aosgd/oc_small_multiple_maps_showing_the_territory/","https://preview.redd.it/uj387bdmb4ka1.png?width=640&crop=smart&auto=webp&s=fa4133d39af103a8d501b9e6077e2ed2640080d4"
270,"OC
[OC] ChatGPT search interest over time","10.7k","845 Comments","9 months ago","https://www.reddit.com/r/dataisbeautiful/comments/10kvqs8/oc_chatgpt_search_interest_over_time/","https://preview.redd.it/am76z1rv36ea1.png?width=640&crop=smart&auto=webp&s=122d47d5949ed8ff96be45f2d73af4cbc11c95bc"
271,"OC
[OC] Opioid Deaths Per 100,000 by State in 2019","10.7k","863 Comments","8 months ago","https://www.reddit.com/r/dataisbeautiful/comments/118i1t0/oc_opioid_deaths_per_100000_by_state_in_2019/","https://preview.redd.it/5yam38ijhmja1.png?width=640&crop=smart&auto=webp&s=5d2e8a4fa688f366e3323aad4af1bd3d5c290444"
272,"OC
[OC] The iPhone 15 Index: How much of a yearly salary you need to spend to afford an iPhone 15 around the world","10.6k","1.6k Comments","1 month ago","https://www.reddit.com/r/dataisbeautiful/comments/16igsi8/oc_the_iphone_15_index_how_much_of_a_yearly/","https://preview.redd.it/2rcwnuxxp7ob1.png?width=640&crop=smart&auto=webp&s=fa74c416937176731457e8eb81369b29b46643b4"
273,"How to Convince Everyone You’re Not Some Mystical Sorcerer","1.6k","0 Comments",,"https://www.reddit.com/user/adobe/comments/1550cyf/how_to_convince_everyone_youre_not_some_mystical/?p=1&impressionid=4003584036768382378",
274,"OC
[OC] The US and Saudi Arabia TOPS ticket sales (other than the host country)","10.5k","652 Comments","11 months ago","https://www.reddit.com/r/dataisbeautiful/comments/zah2uf/oc_the_us_and_saudi_arabia_tops_ticket_sales/","https://preview.redd.it/l61d0o4xcg3a1.png?width=640&crop=smart&auto=webp&s=8a38ce32b3adfe58a59f5b8d9bbd3fbafe3b5d8d"
275,"OC
The world's 25 most populated islands [OC]","10.4k","1.0k Comments","6 months ago","https://www.reddit.com/r/dataisbeautiful/comments/12zb797/the_worlds_25_most_populated_islands_oc/","https://preview.redd.it/tm9kiw76y6wa1.jpg?width=640&crop=smart&auto=webp&s=5f87709f10da9cb27e364f2e7ee1311155c4d196"
276,"OC
[OC] Small men are at greater risk of suicide even after controlling for numerous factors","10.4k","2.5k Comments","7 months ago","https://www.reddit.com/r/dataisbeautiful/comments/11ljvol/oc_small_men_are_at_greater_risk_of_suicide_even/","https://preview.redd.it/kj3emm6wgfma1.png?width=640&crop=smart&auto=webp&s=5f3e9c80484ea5e0e651937fd88e90eff6919d6f"
277,"OC
[OC] After saying he likes Hitler, Kanye West is now ""only"" among the top 20 most played artists on Spotify","10.4k","985 Comments","10 months ago","https://www.reddit.com/r/dataisbeautiful/comments/zzvd27/oc_after_saying_he_likes_hitler_kanye_west_is_now/","https://preview.redd.it/hrt0i4p7v89a1.png?width=640&crop=smart&auto=webp&s=b9820a733dd2444a6d662b554be96ddb36d9d8ff"
278,"OC
[OC] Breaking down revenue and profit sources of Saudi Aramco, one of the largest energy firms in the world","10.4k","447 Comments","1 year ago","https://www.reddit.com/r/dataisbeautiful/comments/yhdzaa/oc_breaking_down_revenue_and_profit_sources_of/","https://preview.redd.it/9c2afwhg0yw91.png?width=640&crop=smart&auto=webp&s=c40e9ca75fcb9790bed37ef36332e99659a5ae6c"
